Date,Price,Open,High,Low,Vol.,Change %
02/28/2025,"2,848.50","2,889.00","2,896.10","2,844.10",210.56K,-1.64%
02/27/2025,"2,895.90","2,931.40","2,935.80","2,879.00",207.65K,-0.75%
02/26/2025,"2,917.80","2,915.60","2,926.40","2,891.00",2.05K,0.41%
02/25/2025,"2,906.00","2,955.90","2,955.90","2,884.50",5.59K,-1.48%
02/24/2025,"2,949.70","2,939.30","2,960.00","2,926.40",2.00K,-0.12%
02/21/2025,"2,953.20","2,955.70","2,964.70","2,930.10",163.69K,-0.10%
02/20/2025,"2,956.10","2,949.50","2,973.40","2,939.30",172.20K,0.68%
02/19/2025,"2,936.10","2,954.10","2,964.40","2,933.70",159.34K,-0.44%
02/18/2025,"2,949.00","2,895.10","2,956.50","2,887.60",218.76K,1.67%
02/14/2025,"2,900.70","2,957.30","2,964.10","2,889.90",228.08K,-1.52%
02/13/2025,"2,945.40","2,928.80","2,958.80","2,925.80",169.50K,0.57%
02/12/2025,"2,928.70","2,927.00","2,936.50","2,886.50",204.63K,-0.13%
02/11/2025,"2,932.60","2,937.00","2,968.50","2,907.00",218.48K,-0.06%
02/10/2025,"2,934.40","2,884.80","2,938.10","2,879.90",167.23K,1.62%
02/07/2025,"2,887.60","2,880.20","2,910.60","2,876.10",192.55K,0.38%
02/06/2025,"2,876.70","2,885.00","2,894.20","2,855.00",167.70K,-0.56%
02/05/2025,"2,893.00","2,873.70","2,906.00","2,870.10",167.38K,0.60%
02/04/2025,"2,875.80","2,850.40","2,877.10","2,837.40",145.86K,0.65%
02/03/2025,"2,857.10","2,846.50","2,872.00","2,802.20",181.34K,0.78%
01/31/2025,"2,835.00","2,851.90","2,862.90","2,826.00",165.68K,-0.36%
01/30/2025,"2,845.20","2,796.20","2,853.20","2,794.90",188.34K,2.29%
01/29/2025,"2,781.50","2,784.90","2,790.10","2,772.80",3.98K,0.02%
01/28/2025,"2,781.00","2,757.00","2,786.90","2,752.90",3.42K,1.04%
01/27/2025,"2,752.40","2,791.00","2,791.00","2,746.80",3.94K,-1.44%
01/24/2025,"2,792.70","2,779.30","2,808.10","2,779.30",1.10K,0.52%
01/23/2025,"2,778.30","2,778.10","2,780.20","2,754.70",1.83K,-0.68%
01/22/2025,"2,797.40","2,784.50","2,800.30","2,782.50",39.59K,0.42%
01/21/2025,"2,785.60","2,766.00","2,788.40","2,741.50",56.80K,1.34%
01/17/2025,"2,748.70","2,746.80","2,759.20","2,729.20",156.87K,-0.08%
01/16/2025,"2,750.90","2,722.30","2,757.90","2,720.40",186.54K,1.22%
01/15/2025,"2,717.80","2,693.30","2,722.70","2,685.40",193.72K,1.32%
01/14/2025,"2,682.30","2,682.00","2,693.70","2,672.00",179.41K,0.14%
01/13/2025,"2,678.60","2,716.80","2,723.80","2,675.20",211.09K,-1.34%
01/10/2025,"2,715.00","2,692.90","2,735.00","2,686.90",298.41K,0.90%
01/09/2025,"2,690.80","2,679.90","2,696.80","2,673.70",156.65K,0.69%
01/08/2025,"2,672.40","2,662.90","2,687.00","2,658.40",197.37K,0.26%
01/07/2025,"2,665.40","2,647.10","2,678.50","2,643.50",161.62K,0.68%
01/06/2025,"2,647.40","2,652.80","2,663.80","2,624.60",169.92K,-0.27%
01/03/2025,"2,654.70","2,671.10","2,681.00","2,649.70",121.17K,-0.54%
01/02/2025,"2,669.00","2,641.00","2,674.20","2,636.10",144.52K,1.06%
12/31/2024,"2,641.00","2,620.00","2,642.00","2,614.30",86.29K,0.87%
12/30/2024,"2,618.10","2,636.10","2,640.70","2,608.40",110.92K,-0.01%
12/27/2024,"2,618.40","2,639.70","2,639.70","2,612.10",0.64K,-0.83%
12/26/2024,"2,640.30","2,623.30","2,642.40","2,622.80",1.40K,0.67%
12/24/2024,"2,622.80","2,616.50","2,622.70","2,612.50",0.42K,0.28%
12/23/2024,"2,615.50","2,627.30","2,632.90","2,610.20",0.56K,-0.65%
12/20/2024,"2,632.50","2,597.70","2,640.70","2,595.70",0.51K,1.41%
12/19/2024,"2,596.00","2,586.00","2,625.00","2,585.90",0.90K,-1.70%
12/18/2024,"2,640.80","2,651.20","2,654.30","2,587.20",0.88K,-0.33%
12/17/2024,"2,649.60","2,657.20","2,662.50","2,634.30",0.63K,-0.28%
12/16/2024,"2,657.00","2,654.60","2,669.70","2,648.30",1.41K,-0.20%
12/13/2024,"2,662.40","2,690.20","2,702.10","2,650.60",1.07K,-1.21%
12/12/2024,"2,695.10","2,737.80","2,743.50","2,683.30",1.69K,-1.69%
12/11/2024,"2,741.50","2,708.80","2,743.80","2,700.30",3.82K,1.33%
12/10/2024,"2,705.60","2,669.80","2,708.80","2,669.80",1.41K,1.21%
12/09/2024,"2,673.30","2,654.50","2,687.00","2,637.50",0.96K,0.99%
12/06/2024,"2,647.10","2,642.40","2,655.00","2,629.50",0.80K,0.42%
12/05/2024,"2,636.10","2,661.90","2,667.30","2,634.50",1.67K,-1.06%
12/04/2024,"2,664.30","2,651.30","2,670.00","2,643.80",0.85K,0.32%
12/03/2024,"2,655.90","2,652.00","2,665.00","2,645.00",0.61K,0.36%
12/02/2024,"2,646.50","2,663.70","2,663.90","2,633.50",0.97K,-0.84%
11/29/2024,"2,669.00","2,649.70","2,678.10","2,631.80",1.35K,0.63%
11/27/2024,"2,652.30","2,646.40","2,670.70","2,641.10",2.27K,1.18%
11/26/2024,"2,621.30","2,626.20","2,642.70","2,605.30",177.86K,0.11%
11/25/2024,"2,618.50","2,716.90","2,723.20","2,616.60",305.34K,-3.45%
11/22/2024,"2,712.20","2,672.00","2,718.50","2,670.10",220.55K,1.39%
11/21/2024,"2,674.90","2,653.50","2,676.50","2,651.60",186.30K,0.87%
11/20/2024,"2,651.70","2,635.80","2,659.00","2,621.90",182.01K,0.79%
11/19/2024,"2,631.00","2,616.30","2,643.40","2,614.20",202.24K,0.63%
11/18/2024,"2,614.60","2,571.50","2,619.50","2,568.50",195.29K,1.73%
11/15/2024,"2,570.10","2,570.40","2,580.80","2,558.90",179.89K,-0.11%
11/14/2024,"2,572.90","2,578.10","2,585.80","2,541.50",266.16K,-0.53%
11/13/2024,"2,586.50","2,604.70","2,625.00","2,578.10",262.75K,-0.76%
11/12/2024,"2,606.30","2,625.70","2,633.40","2,595.70",282.77K,-0.44%
11/11/2024,"2,617.70","2,692.10","2,693.40","2,617.10",281.92K,-2.86%
11/08/2024,"2,694.80","2,713.60","2,717.80","2,687.30",233.11K,-0.41%
11/07/2024,"2,705.80","2,667.70","2,718.30","2,650.30",292.92K,1.10%
11/06/2024,"2,676.30","2,752.60","2,758.80","2,660.70",361.31K,-2.67%
11/05/2024,"2,749.70","2,746.00","2,759.50","2,733.40",151.43K,0.13%
11/04/2024,"2,746.20","2,743.50","2,757.50","2,739.40",145.25K,-0.11%
11/01/2024,"2,749.20","2,754.00","2,772.40","2,742.60",180.66K,0.00%
10/31/2024,"2,749.30","2,799.10","2,801.20","2,741.80",242.57K,-1.84%
10/30/2024,"2,800.80","2,786.90","2,801.80","2,782.40",191.55K,1.16%
10/29/2024,"2,768.80","2,741.90","2,773.20","2,741.90",0.85K,0.92%
10/28/2024,"2,743.60","2,739.40","2,745.60","2,725.80",0.57K,0.05%
10/25/2024,"2,742.20","2,735.40","2,747.20","2,716.90",0.26K,0.21%
10/24/2024,"2,736.50","2,717.40","2,743.30","2,717.40",0.34K,0.71%
10/23/2024,"2,717.10","2,748.90","2,758.50","2,709.90",0.65K,-1.10%
10/22/2024,"2,747.40","2,723.10","2,749.50","2,721.80",0.43K,0.76%
10/21/2024,"2,726.80","2,724.30","2,742.60","2,716.90",0.41K,0.32%
10/18/2024,"2,718.00","2,696.20","2,725.60","2,696.20",0.22K,0.83%
10/17/2024,"2,695.50","2,676.90","2,700.50","2,676.90",0.27K,0.60%
10/16/2024,"2,679.30","2,666.80","2,689.50","2,666.00",0.38K,0.46%
10/15/2024,"2,667.00","2,654.60","2,673.80","2,643.10",0.24K,0.50%
10/14/2024,"2,653.70","2,659.90","2,671.30","2,648.40",0.39K,-0.40%
10/11/2024,"2,664.40","2,634.40","2,666.80","2,634.40",0.31K,1.41%
10/10/2024,"2,627.40","2,614.80","2,636.90","2,608.80",0.88K,0.51%
10/09/2024,"2,614.10","2,628.80","2,630.60","2,612.00",0.77K,-0.36%
10/08/2024,"2,623.50","2,649.60","2,660.40","2,612.70",1.05K,-1.15%
10/07/2024,"2,654.00","2,658.80","2,666.60","2,646.00",0.39K,-0.08%
10/04/2024,"2,656.00","2,663.00","2,678.20","2,641.90",0.85K,-0.43%
10/03/2024,"2,667.40","2,668.30","2,670.70","2,646.50",0.65K,0.35%
10/02/2024,"2,658.10","2,671.10","2,672.40","2,653.30",0.34K,-0.76%
10/01/2024,"2,678.50","2,644.40","2,681.70","2,644.40",0.46K,1.16%
09/30/2024,"2,647.90","2,667.90","2,675.20","2,636.80",0.55K,-0.32%
09/27/2024,"2,656.50","2,682.30","2,684.00","2,655.00",0.64K,-0.52%
09/26/2024,"2,670.40","2,656.80","2,683.90","2,653.40",17.22K,0.36%
09/25/2024,"2,660.70","2,658.70","2,670.50","2,649.80",21.76K,0.29%
09/24/2024,"2,653.00","2,628.60","2,665.10","2,623.50",13.09K,0.93%
09/23/2024,"2,628.60","2,622.50","2,635.70","2,615.40",8.70K,0.24%
09/20/2024,"2,622.40","2,588.10","2,626.50","2,585.40",9.30K,1.22%
09/19/2024,"2,590.90","2,561.60","2,597.00","2,552.10",8.60K,0.62%
09/18/2024,"2,574.90","2,573.40","2,603.70","2,549.40",10.66K,0.23%
09/17/2024,"2,568.90","2,586.30","2,590.00","2,564.10",6.95K,-0.63%
09/16/2024,"2,585.20","2,584.80","2,593.40","2,578.80",4.57K,-0.06%
09/13/2024,"2,586.80","2,565.10","2,590.60","2,562.00",10.05K,1.16%
09/12/2024,"2,557.10","2,517.90","2,564.80","2,515.50",9.29K,1.51%
09/11/2024,"2,519.00","2,522.00","2,534.40","2,505.70",4.91K,-0.02%
09/10/2024,"2,519.50","2,511.60","2,523.90","2,505.60",5.90K,0.41%
09/09/2024,"2,509.30","2,503.20","2,512.70","2,491.30",4.64K,0.31%
09/06/2024,"2,501.50","2,523.70","2,536.10","2,490.70",6.27K,-0.72%
09/05/2024,"2,519.70","2,502.30","2,530.50","2,500.70",6.72K,0.68%
09/04/2024,"2,502.70","2,500.40","2,507.80","2,479.80",5.94K,0.12%
09/03/2024,"2,499.70","2,509.00","2,516.30","2,481.60",10.28K,-0.19%
08/30/2024,"2,504.50","2,530.70","2,536.20","2,503.90",6.48K,-1.27%
08/29/2024,"2,536.70","2,516.60","2,538.70","2,513.80",10.79K,1.36%
08/28/2024,"2,502.60","2,525.20","2,526.40","2,493.20",2.35K,-0.60%
08/27/2024,"2,517.70","2,517.60","2,525.20","2,504.40",0.65K,-0.10%
08/26/2024,"2,520.20","2,512.60","2,527.70","2,509.30",0.66K,0.36%
08/23/2024,"2,511.20","2,486.20","2,518.70","2,486.10",0.75K,1.17%
08/22/2024,"2,482.10","2,515.60","2,516.00","2,472.60",0.74K,-1.22%
08/21/2024,"2,512.80","2,517.40","2,522.00","2,495.00",0.60K,-0.13%
08/20/2024,"2,516.10","2,507.70","2,535.40","2,502.10",0.66K,0.37%
08/19/2024,"2,506.80","2,512.80","2,513.80","2,489.30",0.78K,0.13%
08/16/2024,"2,503.60","2,460.20","2,513.80","2,454.60",0.59K,1.83%
08/15/2024,"2,458.60","2,452.00","2,471.80","2,437.10",0.53K,0.51%
08/14/2024,"2,446.20","2,470.60","2,485.40","2,443.00",0.56K,-1.12%
08/13/2024,"2,473.90","2,477.30","2,482.50","2,464.20",0.37K,0.16%
08/12/2024,"2,469.90","2,436.00","2,478.00","2,430.00",0.73K,1.23%
08/09/2024,"2,439.80","2,431.90","2,441.70","2,424.10",0.70K,0.39%
08/08/2024,"2,430.30","2,389.50","2,433.90","2,388.00",0.58K,1.26%
08/07/2024,"2,400.00","2,398.60","2,414.20","2,387.00",0.46K,0.05%
08/06/2024,"2,398.90","2,420.90","2,431.20","2,390.20",0.50K,-0.53%
08/05/2024,"2,411.80","2,458.50","2,466.10","2,373.80",1.13K,-1.00%
08/02/2024,"2,436.20","2,456.40","2,487.60","2,420.50",2.46K,-0.40%
08/01/2024,"2,445.90","2,458.80","2,470.80","2,439.10",1.15K,0.30%
07/31/2024,"2,438.50","2,420.80","2,461.10","2,415.40",1.32K,0.86%
07/30/2024,"2,417.60","2,392.80","2,422.40","2,388.80",3.57K,1.67%
07/29/2024,"2,377.80","2,386.90","2,402.10","2,367.30",126.41K,-0.13%
07/26/2024,"2,381.00","2,363.80","2,389.70","2,354.60",154.52K,1.17%
07/25/2024,"2,353.50","2,398.10","2,400.80","2,351.90",294.90K,-2.57%
07/24/2024,"2,415.70","2,410.70","2,433.00","2,397.00",245.88K,0.35%
07/23/2024,"2,407.30","2,398.00","2,413.50","2,389.20",171.19K,0.53%
07/22/2024,"2,394.70","2,403.70","2,414.40","2,385.20",197.56K,-0.18%
07/19/2024,"2,399.10","2,448.00","2,448.40","2,395.70",254.41K,-2.33%
07/18/2024,"2,456.40","2,462.50","2,478.50","2,442.90",192.77K,-0.14%
07/17/2024,"2,459.90","2,473.20","2,488.40","2,455.50",259.54K,-0.32%
07/16/2024,"2,467.80","2,427.10","2,474.50","2,424.50",246.09K,1.60%
07/15/2024,"2,428.90","2,419.30","2,445.00","2,406.10",193.54K,0.34%
07/12/2024,"2,420.70","2,421.00","2,423.20","2,396.10",220.93K,-0.05%
07/11/2024,"2,421.90","2,377.40","2,430.40","2,376.80",303.52K,1.77%
07/10/2024,"2,379.70","2,371.00","2,393.40","2,369.70",163.90K,0.50%
07/09/2024,"2,367.90","2,366.50","2,378.30","2,356.00",252.49K,0.19%
07/08/2024,"2,363.50","2,396.20","2,399.30","2,358.30",240.78K,-1.43%
07/05/2024,"2,397.70","2,365.80","2,401.50","2,356.00",293.25K,1.40%
07/04/2024,"2,364.60","2,367.20","2,371.05","2,359.35",,-0.20%
07/03/2024,"2,369.40","2,338.60","2,374.50","2,335.70",193.64K,1.54%
07/02/2024,"2,333.40","2,341.60","2,346.10","2,327.40",153.71K,-0.24%
07/01/2024,"2,338.90","2,336.20","2,348.80","2,328.20",142.60K,-0.03%
06/28/2024,"2,339.60","2,338.60","2,350.60","2,329.70",135.38K,0.13%
06/27/2024,"2,336.60","2,309.40","2,342.00","2,306.80",140.23K,1.55%
06/26/2024,"2,301.00","2,318.80","2,320.50","2,292.90",0.99K,-0.75%
06/25/2024,"2,318.40","2,334.40","2,336.20","2,314.80",1.26K,-0.60%
06/24/2024,"2,332.40","2,322.10","2,334.70","2,318.00",0.60K,0.57%
06/21/2024,"2,319.10","2,361.50","2,370.00","2,318.00",0.60K,-1.61%
06/20/2024,"2,357.00","2,331.40","2,367.00","2,327.00",0.83K,0.60%
06/19/2024,"2,343.00","2,342.95","2,349.65","2,338.60",,0.35%
06/18/2024,"2,334.80","2,323.30","2,334.50","2,309.10",0.39K,0.77%
06/17/2024,"2,316.90","2,336.00","2,336.00","2,312.40",0.45K,-0.86%
06/14/2024,"2,337.00","2,306.30","2,339.30","2,305.80",0.42K,1.35%
06/13/2024,"2,305.90","2,328.40","2,330.20","2,299.20",0.65K,-1.57%
06/12/2024,"2,342.70","2,321.70","2,345.10","2,315.70",0.60K,1.21%
06/11/2024,"2,314.60","2,315.70","2,325.20","2,303.30",0.79K,-0.02%
06/10/2024,"2,315.10","2,299.50","2,319.30","2,292.90",0.75K,0.08%
06/07/2024,"2,313.20","2,383.60","2,394.30","2,293.10",1.30K,-2.76%
06/06/2024,"2,378.90","2,363.80","2,385.20","2,361.40",0.88K,0.65%
06/05/2024,"2,363.60","2,335.50","2,365.20","2,335.10",0.59K,1.19%
06/04/2024,"2,335.70","2,360.20","2,361.00","2,324.50",1.40K,-0.92%
06/03/2024,"2,357.50","2,335.00","2,363.50","2,323.90",0.77K,1.01%
05/31/2024,"2,333.90","2,352.40","2,368.60","2,330.00",1.21K,-0.88%
05/30/2024,"2,354.70","2,357.90","2,360.70","2,332.10",2.72K,0.58%
05/29/2024,"2,341.20","2,362.50","2,363.70","2,334.20",119.32K,-0.65%
05/28/2024,"2,356.50","2,338.00","2,365.50","2,333.80",316.22K,0.00%
05/27/2024,"2,356.50","2,338.00","2,365.50","2,333.80",105.47K,0.94%
05/24/2024,"2,334.50","2,330.40","2,349.00","2,326.30",178.34K,-0.12%
05/23/2024,"2,337.20","2,383.00","2,385.70","2,328.10",273.66K,-2.33%
05/22/2024,"2,392.90","2,425.40","2,430.50","2,378.00",253.85K,-1.36%
05/21/2024,"2,425.90","2,431.50","2,438.20","2,408.50",229.42K,-0.52%
05/20/2024,"2,438.50","2,422.20","2,454.20","2,411.10",281.43K,0.87%
05/17/2024,"2,417.40","2,381.40","2,427.40","2,377.80",218.55K,1.34%
05/16/2024,"2,385.50","2,391.50","2,402.70","2,375.20",191.03K,-0.39%
05/15/2024,"2,394.90","2,362.90","2,396.10","2,357.10",249.84K,1.48%
05/14/2024,"2,359.90","2,342.30","2,365.20","2,340.50",192.08K,0.72%
05/13/2024,"2,343.00","2,369.10","2,370.80","2,337.60",243.08K,-1.35%
05/10/2024,"2,375.00","2,353.50","2,385.30","2,352.00",275.24K,1.48%
05/09/2024,"2,340.30","2,316.50","2,354.20","2,312.90",249.09K,0.78%
05/08/2024,"2,322.30","2,322.00","2,329.60","2,311.40",214.69K,-0.08%
05/07/2024,"2,324.20","2,334.80","2,338.70","2,318.20",204.62K,-0.30%
05/06/2024,"2,331.20","2,312.80","2,341.90","2,300.60",191.90K,0.98%
05/03/2024,"2,308.60","2,313.50","2,330.70","2,285.20",231.40K,-0.04%
05/02/2024,"2,309.60","2,329.90","2,336.10","2,294.30",193.66K,-0.06%
05/01/2024,"2,311.00","2,298.20","2,339.50","2,291.70",227.38K,0.35%
04/30/2024,"2,302.90","2,347.00","2,347.60","2,296.20",229.06K,-2.32%
04/29/2024,"2,357.70","2,347.60","2,358.90","2,331.00",187.31K,0.97%
04/26/2024,"2,335.00","2,333.10","2,350.50","2,326.60",0.72K,0.20%
04/25/2024,"2,330.30","2,317.80","2,344.80","2,306.40",0.99K,0.18%
04/24/2024,"2,326.00","2,324.00","2,338.00","2,313.60",0.78K,-0.17%
04/23/2024,"2,329.90","2,332.20","2,336.00","2,293.60",0.79K,-0.20%
04/22/2024,"2,334.60","2,391.50","2,391.50","2,327.30",1.03K,-2.78%
04/19/2024,"2,401.40","2,381.10","2,418.10","2,374.70",1.61K,0.65%
04/18/2024,"2,385.80","2,366.10","2,395.70","2,366.10",2.55K,0.40%
04/17/2024,"2,376.20","2,387.90","2,399.50","2,359.90",0.58K,-0.81%
04/16/2024,"2,395.50","2,387.00","2,402.20","2,367.40",1.27K,1.04%
04/15/2024,"2,370.90","2,357.30","2,392.00","2,330.10",1.67K,0.38%
04/12/2024,"2,362.00","2,377.70","2,436.60","2,338.40",2.20K,0.05%
04/11/2024,"2,360.80","2,340.50","2,382.90","2,331.60",0.98K,1.04%
04/10/2024,"2,336.60","2,358.90","2,365.80","2,325.70",1.62K,-0.60%
04/09/2024,"2,350.60","2,344.40","2,372.50","2,344.40",1.56K,0.50%
04/08/2024,"2,339.00","2,332.20","2,357.00","2,310.50",1.31K,0.23%
04/05/2024,"2,333.70","2,298.70","2,337.60","2,276.50",0.91K,1.60%
04/04/2024,"2,296.90","2,308.90","2,312.00","2,288.40",0.99K,-0.28%
04/03/2024,"2,303.30","2,290.00","2,310.00","2,275.10",1.23K,1.45%
04/02/2024,"2,270.30","2,260.20","2,290.10","2,256.10",1.70K,1.09%
04/01/2024,"2,245.90","2,243.50","2,275.00","2,238.50",1.10K,0.84%
03/28/2024,"2,227.10","2,203.90","2,243.50","2,196.10",1.62K,1.17%
03/27/2024,"2,201.40","2,188.90","2,206.50","2,182.80",1.21K,1.11%
03/26/2024,"2,177.20","2,173.00","2,200.60","2,168.30",202.37K,0.04%
03/25/2024,"2,176.40","2,166.60","2,182.50","2,164.40",211.61K,0.76%
03/22/2024,"2,160.00","2,183.40","2,188.00","2,158.40",205.81K,-1.13%
03/21/2024,"2,184.70","2,190.20","2,225.30","2,168.20",391.75K,1.10%
03/20/2024,"2,161.00","2,161.40","2,192.20","2,152.30",233.57K,0.06%
03/19/2024,"2,159.70","2,164.00","2,166.30","2,150.20",178.16K,-0.21%
03/18/2024,"2,164.30","2,159.90","2,167.20","2,149.20",211.86K,0.13%
03/15/2024,"2,161.50","2,166.20","2,176.90","2,158.70",187.85K,-0.28%
03/14/2024,"2,167.50","2,179.50","2,181.30","2,157.00",207.23K,-0.61%
03/13/2024,"2,180.80","2,163.60","2,185.60","2,161.30",232.27K,0.68%
03/12/2024,"2,166.10","2,189.10","2,190.80","2,156.20",316.25K,-1.03%
03/11/2024,"2,188.60","2,187.60","2,195.50","2,180.90",242.42K,0.14%
03/08/2024,"2,185.50","2,166.60","2,203.00","2,161.20",389.68K,0.94%
03/07/2024,"2,165.20","2,156.70","2,172.20","2,151.70",267.80K,0.32%
03/06/2024,"2,158.20","2,136.40","2,160.70","2,131.90",319.76K,0.76%
03/05/2024,"2,141.90","2,123.30","2,150.50","2,118.50",283.15K,0.73%
03/04/2024,"2,126.30","2,091.60","2,128.40","2,088.10",328.25K,1.46%
03/01/2024,"2,095.70","2,052.80","2,097.10","2,047.00",330.59K,2.00%
02/29/2024,"2,054.70","2,043.80","2,059.40","2,036.00",227.07K,0.59%
02/28/2024,"2,042.70","2,039.70","2,047.40","2,033.40",137.08K,0.41%
02/27/2024,"2,034.40","2,031.00","2,038.00","2,028.70",0.96K,0.26%
02/26/2024,"2,029.10","2,033.70","2,036.30","2,025.00",1.14K,-0.51%
02/23/2024,"2,039.40","2,024.10","2,041.50","2,015.60",0.71K,0.92%
02/22/2024,"2,020.80","2,026.60","2,035.00","2,019.70",1.66K,-0.18%
02/21/2024,"2,024.50","2,025.40","2,033.00","2,021.60",1.09K,-0.27%
02/20/2024,"2,030.00","2,017.70","2,032.10","2,015.50",1.11K,-0.48%
02/19/2024,"2,039.80","2,027.70","2,042.70","2,023.90",202.43K,1.26%
02/16/2024,"2,014.40","2,006.50","2,017.40","1,997.40",0.80K,0.45%
02/15/2024,"2,005.30","1,995.10","2,010.40","1,992.70",1.07K,0.53%
02/14/2024,"1,994.70","1,994.90","1,998.70","1,987.20",1.63K,-0.15%
02/13/2024,"1,997.70","2,023.80","2,035.50","1,993.40",1.47K,-1.27%
02/12/2024,"2,023.40","2,030.80","2,031.10","2,015.80",1.22K,-0.27%
02/09/2024,"2,028.80","2,039.30","2,041.70","2,024.70",0.53K,-0.46%
02/08/2024,"2,038.10","2,041.10","2,043.50","2,024.60",0.67K,-0.18%
02/07/2024,"2,041.80","2,042.20","2,051.00","2,037.00",0.51K,0.01%
02/06/2024,"2,041.50","2,031.80","2,045.30","2,029.30",0.63K,0.42%
02/05/2024,"2,032.90","2,047.60","2,048.00","2,021.00",1.00K,-0.54%
02/02/2024,"2,043.90","2,062.30","2,064.50","2,034.50",3.02K,-0.84%
02/01/2024,"2,061.20","2,047.70","2,072.90","2,036.90",1.35K,0.18%
01/31/2024,"2,057.40","2,044.80","2,064.10","2,038.90",1.43K,0.80%
01/30/2024,"2,041.10","2,041.70","2,057.30","2,037.60",1.12K,0.78%
01/29/2024,"2,025.40","2,024.40","2,037.20","2,018.80",150.71K,0.40%
01/26/2024,"2,017.30","2,021.00","2,028.10","2,015.60",119.59K,-0.02%
01/25/2024,"2,017.80","2,014.80","2,025.60","2,004.00",196.67K,0.09%
01/24/2024,"2,016.00","2,030.70","2,037.90","2,011.70",234.46K,-0.48%
01/23/2024,"2,025.80","2,023.20","2,039.30","2,020.80",156.70K,0.18%
01/22/2024,"2,022.20","2,031.80","2,034.10","2,017.40",152.76K,-0.35%
01/19/2024,"2,029.30","2,027.40","2,041.90","2,022.20",172.81K,0.38%
01/18/2024,"2,021.60","2,009.10","2,025.60","2,007.70",171.93K,0.75%
01/17/2024,"2,006.50","2,031.70","2,036.10","2,004.60",254.29K,-1.17%
01/16/2024,"2,030.20","2,053.40","2,062.80","2,027.60",285.25K,0.00%
01/15/2024,"2,030.20","2,053.40","2,062.80","2,027.60",285.25K,-1.04%
01/12/2024,"2,051.60","2,033.20","2,067.30","2,033.10",272.35K,1.60%
01/11/2024,"2,019.20","2,029.40","2,056.10","2,017.30",301.34K,-0.42%
01/10/2024,"2,027.80","2,036.00","2,046.20","2,025.90",205.01K,-0.26%
01/09/2024,"2,033.00","2,034.50","2,048.60","2,031.90",218.75K,-0.02%
01/08/2024,"2,033.50","2,052.60","2,053.30","2,022.70",220.99K,-0.80%
01/05/2024,"2,049.80","2,051.40","2,071.10","2,030.80",214.68K,-0.01%
01/04/2024,"2,050.00","2,049.30","2,058.10","2,043.30",130.26K,0.35%
01/03/2024,"2,042.80","2,067.90","2,074.30","2,038.30",221.68K,-1.48%
01/02/2024,"2,073.40","2,072.70","2,088.10","2,064.30",157.56K,0.08%
12/29/2023,"2,071.80","2,076.10","2,084.10","2,067.60",105.72K,-0.56%
12/28/2023,"2,083.50","2,089.50","2,098.20","2,074.60",129.54K,0.00%
12/27/2023,"2,083.40","2,068.00","2,085.30","2,063.30",0.59K,1.12%
12/26/2023,"2,060.40","2,056.30","2,069.60","2,056.30",0.29K,0.04%
12/22/2023,"2,059.60","2,051.50","2,072.30","2,049.40",0.44K,0.87%
12/21/2023,"2,041.80","2,034.70","2,048.00","2,034.00",0.54K,0.18%
12/20/2023,"2,038.10","2,043.50","2,045.90","2,031.60",0.26K,-0.22%
12/19/2023,"2,042.60","2,031.00","2,050.00","2,025.40",0.47K,0.58%
12/18/2023,"2,030.90","2,023.70","2,036.30","2,020.80",0.25K,0.24%
12/15/2023,"2,026.00","2,038.00","2,049.60","2,020.00",0.63K,-0.45%
12/14/2023,"2,035.20","2,031.60","2,053.00","2,030.60",0.56K,2.37%
12/13/2023,"1,988.10","1,985.50","2,033.30","1,979.00",2.22K,0.21%
12/12/2023,"1,983.90","1,989.00","2,002.70","1,983.50",0.57K,-0.02%
12/11/2023,"1,984.30","2,010.60","2,013.20","1,982.10",0.55K,-1.03%
12/08/2023,"2,004.90","2,034.70","2,039.60","2,000.80",1.37K,-1.57%
12/07/2023,"2,036.90","2,034.70","2,047.30","2,027.40",0.53K,-0.07%
12/06/2023,"2,038.40","2,028.30","2,042.80","2,027.00",0.68K,0.57%
12/05/2023,"2,026.90","2,039.20","2,050.00","2,019.90",1.42K,-0.30%
12/04/2023,"2,032.90","2,083.40","2,140.70","2,030.00",2.70K,-2.28%
12/01/2023,"2,080.40","2,049.00","2,086.20","2,043.40",2.01K,1.60%
11/30/2023,"2,047.60","2,055.80","2,057.50","2,042.60",1.15K,-0.48%
11/29/2023,"2,057.50","2,053.20","2,062.30","2,047.50",1.91K,0.86%
11/28/2023,"2,040.00","2,014.30","2,044.10","2,011.50",174.67K,1.37%
11/27/2023,"2,012.40","2,002.50","2,018.90","2,001.40",251.25K,0.47%
11/24/2023,"2,003.00","1,991.20","2,004.50","1,990.90",214.88K,0.00%
11/23/2023,"2,003.00","1,991.20","2,004.50","1,990.90",214.88K,0.51%
11/22/2023,"1,992.80","2,000.30","2,008.30","1,988.60",199.37K,-0.44%
11/21/2023,"2,001.60","1,980.00","2,009.80","1,979.90",230.02K,1.08%
11/20/2023,"1,980.30","1,980.90","1,987.80","1,967.20",177.89K,-0.22%
11/17/2023,"1,984.70","1,984.20","1,996.40","1,981.10",133.12K,-0.13%
11/16/2023,"1,987.30","1,963.00","1,991.10","1,959.00",186.81K,1.17%
11/15/2023,"1,964.30","1,966.90","1,979.20","1,958.80",142.92K,-0.11%
11/14/2023,"1,966.50","1,950.30","1,975.30","1,938.80",180.74K,0.84%
11/13/2023,"1,950.20","1,943.40","1,953.50","1,935.60",183.70K,0.65%
11/10/2023,"1,937.70","1,964.10","1,965.60","1,936.90",229.64K,-1.63%
11/09/2023,"1,969.80","1,955.50","1,971.50","1,948.30",214.08K,0.61%
11/08/2023,"1,957.80","1,975.30","1,977.50","1,953.20",189.36K,-0.80%
11/07/2023,"1,973.50","1,984.80","1,985.20","1,962.80",218.95K,-0.76%
11/06/2023,"1,988.60","1,999.40","2,000.10","1,984.20",146.28K,-0.53%
11/03/2023,"1,999.20","1,993.50","2,011.90","1,989.30",222.19K,0.29%
11/02/2023,"1,993.50","1,992.00","1,999.20","1,986.30",158.65K,0.30%
11/01/2023,"1,987.50","1,993.30","2,005.90","1,978.20",197.63K,-0.34%
10/31/2023,"1,994.30","2,005.60","2,017.70","1,987.40",214.78K,-0.56%
10/30/2023,"2,005.60","2,013.50","2,016.80","1,999.70",181.34K,0.83%
10/27/2023,"1,989.00","1,987.50","2,009.80","1,978.50",0.37K,0.06%
10/26/2023,"1,987.90","1,981.60","1,992.50","1,974.40",0.20K,0.12%
10/25/2023,"1,985.50","1,972.00","1,988.80","1,971.00",0.16K,0.44%
10/24/2023,"1,976.80","1,975.10","1,980.30","1,958.30",1.23K,-0.07%
10/23/2023,"1,978.20","1,977.90","1,983.10","1,963.60",0.45K,-0.34%
10/20/2023,"1,985.00","1,976.50","1,998.90","1,975.70",1.03K,0.70%
10/19/2023,"1,971.20","1,950.30","1,980.70","1,948.40",1.37K,0.63%
10/18/2023,"1,958.80","1,926.60","1,966.10","1,926.60",0.33K,1.68%
10/17/2023,"1,926.40","1,923.20","1,934.10","1,918.00",0.28K,0.07%
10/16/2023,"1,925.10","1,931.90","1,931.90","1,912.00",0.47K,-0.36%
10/13/2023,"1,932.10","1,875.20","1,934.80","1,875.20",0.89K,3.09%
10/12/2023,"1,874.20","1,880.20","1,888.80","1,872.10",0.40K,-0.22%
10/11/2023,"1,878.40","1,864.60","1,881.50","1,864.30",0.48K,0.63%
10/10/2023,"1,866.70","1,866.30","1,870.00","1,858.10",0.36K,0.59%
10/09/2023,"1,855.70","1,850.70","1,867.80","1,849.10",0.82K,1.03%
10/06/2023,"1,836.70","1,826.20","1,840.20","1,815.30",0.65K,0.74%
10/05/2023,"1,823.20","1,828.00","1,834.10","1,817.80",0.43K,-0.16%
10/04/2023,"1,826.10","1,829.10","1,836.00","1,823.00",0.51K,-0.35%
10/03/2023,"1,832.60","1,835.70","1,839.90","1,822.80",0.43K,-0.30%
10/02/2023,"1,838.20","1,853.90","1,855.10","1,833.80",0.82K,-1.01%
09/29/2023,"1,856.90","1,873.00","1,887.30","1,853.40",0.92K,-0.67%
09/28/2023,"1,869.50","1,885.40","1,886.70","1,865.50",0.90K,-0.15%
09/27/2023,"1,872.30","1,900.30","1,902.90","1,872.10",12.25K,-1.54%
09/26/2023,"1,901.60","1,916.70","1,917.10","1,899.00",12.74K,-0.87%
09/25/2023,"1,918.20","1,926.40","1,927.90","1,915.50",7.99K,-0.47%
09/22/2023,"1,927.20","1,921.80","1,930.50","1,921.50",3.30K,0.31%
09/21/2023,"1,921.20","1,932.80","1,933.60","1,915.00",5.62K,-1.41%
09/20/2023,"1,948.60","1,934.70","1,950.20","1,930.40",6.22K,0.69%
09/19/2023,"1,935.30","1,936.70","1,940.30","1,932.50",2.81K,0.01%
09/18/2023,"1,935.20","1,927.70","1,937.30","1,925.80",3.19K,0.38%
09/15/2023,"1,927.90","1,914.10","1,934.00","1,913.30",4.75K,0.71%
09/14/2023,"1,914.40","1,912.70","1,916.00","1,903.80",5.99K,0.00%
09/13/2023,"1,914.40","1,917.80","1,920.10","1,909.60",4.87K,-0.15%
09/12/2023,"1,917.20","1,927.40","1,929.30","1,912.00",4.77K,-0.62%
09/11/2023,"1,929.20","1,925.60","1,936.50","1,921.80",3.09K,0.24%
09/08/2023,"1,924.60","1,925.70","1,935.50","1,922.80",6.62K,0.03%
09/07/2023,"1,924.10","1,923.20","1,929.00","1,922.00",4.06K,-0.09%
09/06/2023,"1,925.80","1,933.40","1,936.10","1,921.60",5.41K,-0.44%
09/05/2023,"1,934.30","1,947.90","1,954.10","1,932.40",7.21K,-0.94%
09/04/2023,"1,952.60","1,966.70","1,972.60","1,950.60",192.79K,0.22%
09/01/2023,"1,948.40","1,947.90","1,961.10","1,942.30",6.26K,0.07%
08/31/2023,"1,947.00","1,951.80","1,955.60","1,946.60",4.06K,-0.36%
08/30/2023,"1,954.00","1,947.80","1,958.00","1,943.80",6.33K,0.91%
08/29/2023,"1,936.40","1,920.30","1,937.00","1,914.40",1.67K,0.93%
08/28/2023,"1,918.50","1,915.20","1,926.00","1,912.30",0.39K,0.35%
08/25/2023,"1,911.90","1,916.00","1,921.20","1,903.00",0.79K,-0.38%
08/24/2023,"1,919.10","1,918.70","1,923.00","1,911.60",1.29K,-0.07%
08/23/2023,"1,920.50","1,899.20","1,921.70","1,899.20",0.92K,1.15%
08/22/2023,"1,898.60","1,896.30","1,905.70","1,890.80",1.02K,0.15%
08/21/2023,"1,895.70","1,890.60","1,899.90","1,886.30",1.27K,0.37%
08/18/2023,"1,888.70","1,891.30","1,898.00","1,888.40",0.61K,0.08%
08/17/2023,"1,887.20","1,894.60","1,904.60","1,886.60",0.71K,-0.68%
08/16/2023,"1,900.20","1,905.10","1,909.60","1,894.10",0.39K,-0.35%
08/15/2023,"1,906.90","1,911.00","1,915.00","1,899.70",0.37K,-0.45%
08/14/2023,"1,915.60","1,914.90","1,918.60","1,906.00",0.61K,-0.13%
08/11/2023,"1,918.00","1,916.00","1,924.50","1,914.30",0.46K,-0.11%
08/10/2023,"1,920.10","1,920.60","1,934.40","1,915.90",0.77K,-0.09%
08/09/2023,"1,921.90","1,930.20","1,936.30","1,919.80",0.72K,-0.46%
08/08/2023,"1,930.80","1,941.80","1,943.40","1,928.20",0.98K,-0.51%
08/07/2023,"1,940.70","1,948.50","1,952.00","1,937.00",0.51K,-0.32%
08/04/2023,"1,946.90","1,941.00","1,954.60","1,927.50",1.39K,0.36%
08/03/2023,"1,939.90","1,943.20","1,945.50","1,936.60",0.51K,-0.31%
08/02/2023,"1,946.00","1,957.10","1,962.90","1,940.50",0.74K,-0.19%
08/01/2023,"1,949.70","1,974.30","1,974.40","1,949.60",1.55K,-1.51%
07/31/2023,"1,979.60","1,967.90","1,981.10","1,958.00",0.62K,0.48%
07/28/2023,"1,970.10","1,955.50","1,972.00","1,953.90",3.24K,1.25%
07/27/2023,"1,945.70","1,973.30","1,982.60","1,941.70",194.25K,-1.24%
07/26/2023,"1,970.10","1,966.30","1,979.90","1,963.20",208.11K,0.33%
07/25/2023,"1,963.70","1,957.00","1,967.10","1,951.60",188.85K,0.08%
07/24/2023,"1,962.20","1,963.60","1,969.80","1,955.30",197.21K,-0.22%
07/21/2023,"1,966.60","1,972.10","1,975.90","1,958.80",156.54K,-0.22%
07/20/2023,"1,970.90","1,980.00","1,989.80","1,967.70",189.93K,-0.50%
07/19/2023,"1,980.80","1,982.50","1,984.60","1,973.30",159.41K,0.00%
07/18/2023,"1,980.80","1,958.30","1,988.30","1,958.10",264.09K,1.25%
07/17/2023,"1,956.40","1,958.60","1,963.60","1,949.00",165.83K,-0.41%
07/14/2023,"1,964.40","1,965.20","1,967.80","1,954.70",209.31K,0.03%
07/13/2023,"1,963.80","1,962.70","1,968.50","1,956.60",241.22K,0.11%
07/12/2023,"1,961.70","1,938.00","1,965.10","1,937.50",270.87K,1.27%
07/11/2023,"1,937.10","1,930.80","1,944.50","1,929.80",189.37K,0.32%
07/10/2023,"1,931.00","1,930.70","1,933.70","1,918.00",208.09K,-0.08%
07/07/2023,"1,932.50","1,916.60","1,941.10","1,915.40",214.27K,0.89%
07/06/2023,"1,915.40","1,922.40","1,934.00","1,908.50",231.51K,-0.61%
07/05/2023,"1,927.10","1,929.10","1,942.90","1,922.10",245.93K,0.00%
07/04/2023,"1,927.10","1,929.10","1,942.90","1,922.10",245.93K,-0.12%
07/03/2023,"1,929.50","1,927.80","1,939.90","1,917.70",152.96K,0.01%
06/30/2023,"1,929.40","1,916.40","1,930.80","1,908.10",180.69K,0.60%
06/29/2023,"1,917.90","1,916.50","1,921.30","1,900.60",205.25K,0.24%
06/28/2023,"1,913.40","1,915.20","1,916.70","1,903.60",0.63K,-0.09%
06/27/2023,"1,915.10","1,927.40","1,930.20","1,912.30",0.23K,-0.52%
06/26/2023,"1,925.10","1,926.40","1,934.50","1,923.00",0.77K,0.21%
06/23/2023,"1,921.00","1,915.00","1,939.30","1,911.30",0.75K,0.31%
06/22/2023,"1,915.00","1,935.90","1,935.90","1,914.00",0.37K,-1.09%
06/21/2023,"1,936.10","1,939.50","1,940.70","1,922.20",0.81K,-0.14%
06/20/2023,"1,938.90","1,961.70","1,961.70","1,932.40",0.74K,-0.45%
06/19/2023,"1,947.70","1,970.70","1,971.80","1,940.80",250.14K,-0.74%
06/16/2023,"1,962.20","1,961.30","1,970.60","1,956.70",0.62K,0.02%
06/15/2023,"1,961.80","1,948.80","1,963.70","1,929.60",0.82K,0.09%
06/14/2023,"1,960.10","1,948.60","1,964.90","1,944.30",1.07K,0.52%
06/13/2023,"1,949.90","1,962.90","1,976.00","1,944.50",0.76K,-0.56%
06/12/2023,"1,960.90","1,966.10","1,971.50","1,954.80",0.44K,-0.38%
06/09/2023,"1,968.40","1,970.60","1,978.40","1,962.40",0.43K,-0.08%
06/08/2023,"1,969.90","1,948.60","1,976.00","1,948.10",1.14K,1.03%
06/07/2023,"1,949.90","1,971.20","1,977.50","1,947.10",0.82K,-1.17%
06/06/2023,"1,972.90","1,968.90","1,973.60","1,962.00",0.34K,0.37%
06/05/2023,"1,965.70","1,954.40","1,970.80","1,945.00",1.70K,0.26%
06/02/2023,"1,960.60","1,985.10","1,990.90","1,955.00",1.02K,-1.30%
06/01/2023,"1,986.50","1,972.30","1,991.40","1,961.30",1.05K,0.68%
05/31/2023,"1,973.10","1,968.40","1,984.00","1,963.20",1.13K,0.25%
05/30/2023,"1,968.10","1,951.60","1,972.40","1,941.20",3.55K,-0.46%
05/29/2023,"1,977.10","1,961.30","1,981.90","1,949.60",264.37K,1.69%
05/26/2023,"1,944.30","1,941.70","1,957.10","1,936.00",166.04K,0.03%
05/25/2023,"1,943.70","1,959.50","1,965.40","1,939.00",253.88K,-1.06%
05/24/2023,"1,964.60","1,977.30","1,987.90","1,958.40",229.89K,-0.50%
05/23/2023,"1,974.50","1,973.90","1,980.00","1,955.80",214.36K,-0.14%
05/22/2023,"1,977.20","1,979.40","1,984.80","1,970.70",165.77K,-0.22%
05/19/2023,"1,981.60","1,960.50","1,987.40","1,956.30",234.60K,1.11%
05/18/2023,"1,959.80","1,985.60","1,988.80","1,954.40",227.73K,-1.26%
05/17/2023,"1,984.90","1,993.00","1,997.00","1,978.10",206.55K,-0.41%
05/16/2023,"1,993.00","2,021.30","2,022.70","1,989.10",229.94K,-1.47%
05/15/2023,"2,022.70","2,013.40","2,027.50","2,011.20",163.25K,0.14%
05/12/2023,"2,019.80","2,020.50","2,027.80","2,005.70",220.50K,-0.03%
05/11/2023,"2,020.50","2,036.80","2,047.60","2,016.70",296.98K,-0.81%
05/10/2023,"2,037.10","2,041.60","2,056.00","2,028.30",260.81K,-0.28%
05/09/2023,"2,042.90","2,028.40","2,045.10","2,026.40",199.70K,0.48%
05/08/2023,"2,033.20","2,024.60","2,037.10","2,022.00",182.21K,0.41%
05/05/2023,"2,024.80","2,058.00","2,061.30","2,007.00",283.30K,-1.50%
05/04/2023,"2,055.70","2,054.70","2,085.40","2,038.50",311.00K,0.92%
05/03/2023,"2,037.00","2,026.40","2,050.00","2,016.00",229.67K,0.68%
05/02/2023,"2,023.30","1,990.50","2,028.80","1,986.90",245.64K,1.56%
05/01/2023,"1,992.20","2,000.20","2,015.40","1,985.70",173.02K,-0.35%
04/28/2023,"1,999.10","1,997.20","2,004.10","1,984.40",172.45K,0.01%
04/27/2023,"1,999.00","1,999.80","2,013.30","1,982.00",203.90K,0.61%
04/26/2023,"1,986.90","2,000.00","2,009.80","1,986.60",0.62K,-0.41%
04/25/2023,"1,995.10","1,995.40","2,005.00","1,979.30",0.85K,0.23%
04/24/2023,"1,990.60","1,983.20","1,991.00","1,975.30",0.54K,0.47%
04/21/2023,"1,981.30","2,005.10","2,007.00","1,973.00",0.62K,-1.42%
04/20/2023,"2,009.80","1,996.50","2,014.50","1,994.20",0.42K,0.59%
04/19/2023,"1,998.00","2,008.50","2,009.70","1,971.90",0.92K,-0.61%
04/18/2023,"2,010.30","1,997.10","2,013.40","1,994.50",0.22K,0.64%
04/17/2023,"1,997.60","2,004.80","2,018.20","1,984.60",0.74K,-0.44%
04/14/2023,"2,006.50","2,044.90","2,051.90","1,996.70",1.48K,-1.92%
04/13/2023,"2,045.80","2,019.50","2,053.00","2,019.50",0.93K,1.49%
04/12/2023,"2,015.70","2,010.00","2,034.10","2,007.00",0.83K,0.28%
04/11/2023,"2,010.00","1,996.70","2,013.40","1,996.20",0.46K,0.76%
04/10/2023,"1,994.80","2,003.60","2,011.20","1,988.00",1.00K,-1.12%
04/06/2023,"2,017.40","2,028.40","2,028.60","2,007.90",1.20K,-0.46%
04/05/2023,"2,026.80","2,030.00","2,040.10","2,018.70",1.17K,-0.13%
04/04/2023,"2,029.40","1,993.20","2,034.20","1,985.90",1.09K,1.91%
04/03/2023,"1,991.30","1,982.60","1,998.50","1,956.90",0.76K,0.72%
03/31/2023,"1,977.00","1,988.50","1,995.50","1,975.30",0.75K,-0.58%
03/30/2023,"1,988.50","1,973.00","1,993.30","1,962.70",1.19K,1.10%
03/29/2023,"1,966.90","1,975.40","1,976.00","1,959.50",88.56K,-0.33%
03/28/2023,"1,973.50","1,957.80","1,977.10","1,949.90",183.58K,1.01%
03/27/2023,"1,953.80","1,982.60","1,984.00","1,945.00",206.63K,-1.51%
03/24/2023,"1,983.80","1,996.10","2,006.50","1,977.70",285.44K,-0.61%
03/23/2023,"1,995.90","1,974.00","2,006.10","1,967.30",262.25K,2.37%
03/22/2023,"1,949.60","1,943.50","1,982.30","1,936.50",245.03K,0.44%
03/21/2023,"1,941.10","1,983.10","1,988.70","1,938.60",248.93K,-2.10%
03/20/2023,"1,982.80","1,989.70","2,014.90","1,970.00",338.02K,0.47%
03/17/2023,"1,973.50","1,925.90","1,993.70","1,922.30",351.09K,2.63%
03/16/2023,"1,923.00","1,922.80","1,938.00","1,911.50",248.08K,-0.43%
03/15/2023,"1,931.30","1,908.20","1,942.50","1,889.50",385.45K,1.07%
03/14/2023,"1,910.90","1,919.40","1,919.40","1,899.80",261.28K,-0.29%
03/13/2023,"1,916.50","1,877.10","1,919.50","1,875.70",452.33K,2.64%
03/10/2023,"1,867.20","1,835.10","1,874.30","1,830.00",345.81K,1.78%
03/09/2023,"1,834.60","1,818.00","1,839.40","1,815.40",228.47K,0.88%
03/08/2023,"1,818.60","1,818.00","1,828.70","1,813.40",208.29K,-0.08%
03/07/2023,"1,820.00","1,852.60","1,856.90","1,817.10",248.23K,-1.87%
03/06/2023,"1,854.60","1,861.00","1,864.30","1,850.60",136.22K,0.00%
03/03/2023,"1,854.60","1,842.10","1,864.40","1,842.00",158.96K,0.77%
03/02/2023,"1,840.50","1,843.80","1,845.30","1,835.90",139.76K,-0.27%
03/01/2023,"1,845.40","1,834.00","1,852.50","1,829.60",182.58K,0.47%
02/28/2023,"1,836.70","1,823.90","1,838.60","1,810.80",184.51K,0.65%
02/27/2023,"1,824.90","1,818.00","1,827.30","1,812.00",130.43K,0.87%
02/24/2023,"1,809.20","1,825.20","1,827.10","1,808.80",0.40K,-0.53%
02/23/2023,"1,818.80","1,823.60","1,832.70","1,818.30",0.65K,-0.79%
02/22/2023,"1,833.30","1,837.00","1,846.40","1,825.10",0.57K,-0.05%
02/21/2023,"1,834.20","1,842.00","1,848.00","1,831.10",0.91K,-0.45%
02/20/2023,"1,842.50","1,850.50","1,856.40","1,839.00",210.17K,0.03%
02/17/2023,"1,842.00","1,835.50","1,844.60","1,819.80",0.73K,-0.08%
02/16/2023,"1,843.40","1,838.90","1,846.00","1,828.30",0.65K,0.35%
02/15/2023,"1,837.00","1,856.30","1,861.70","1,831.80",0.78K,-1.08%
02/14/2023,"1,857.00","1,856.00","1,871.00","1,845.00",0.72K,0.10%
02/13/2023,"1,855.10","1,866.70","1,868.50","1,852.70",0.83K,-0.58%
02/10/2023,"1,865.90","1,864.70","1,873.30","1,855.00",0.77K,-0.22%
02/09/2023,"1,870.00","1,879.00","1,893.70","1,862.00",0.85K,-0.65%
02/08/2023,"1,882.20","1,877.40","1,890.00","1,874.00",1.03K,0.30%
02/07/2023,"1,876.50","1,871.90","1,888.50","1,869.40",1.45K,0.28%
02/06/2023,"1,871.20","1,866.70","1,885.40","1,865.90",1.59K,0.16%
02/03/2023,"1,868.30","1,918.20","1,923.60","1,866.10",2.60K,-2.80%
02/02/2023,"1,922.20","1,959.30","1,966.30","1,917.10",1.87K,-0.63%
02/01/2023,"1,934.30","1,935.10","1,961.70","1,928.00",2.19K,-0.12%
01/31/2023,"1,936.60","1,929.50","1,938.00","1,907.40",1.81K,0.33%
01/30/2023,"1,930.20","1,936.20","1,940.80","1,927.30",2.80K,0.04%
01/27/2023,"1,929.40","1,929.30","1,935.40","1,916.50",150.90K,-0.03%
01/26/2023,"1,930.00","1,948.00","1,949.80","1,918.40",223.26K,-0.65%
01/25/2023,"1,942.60","1,938.70","1,949.50","1,920.60",190.30K,0.37%
01/24/2023,"1,935.40","1,932.00","1,943.80","1,918.20",201.71K,0.35%
01/23/2023,"1,928.60","1,928.40","1,936.70","1,912.50",190.09K,0.02%
01/20/2023,"1,928.20","1,933.70","1,939.00","1,922.00",165.27K,0.22%
01/19/2023,"1,923.90","1,907.00","1,936.90","1,902.00",214.25K,0.89%
01/18/2023,"1,907.00","1,911.10","1,929.80","1,898.60",218.97K,-0.15%
01/17/2023,"1,909.90","1,923.80","1,931.80","1,906.20",268.37K,0.00%
01/16/2023,"1,909.90","1,923.80","1,931.80","1,906.20",268.37K,-0.61%
01/13/2023,"1,921.70","1,898.80","1,925.30","1,895.10",247.88K,1.21%
01/12/2023,"1,898.80","1,879.70","1,906.50","1,872.40",265.17K,1.06%
01/11/2023,"1,878.90","1,881.30","1,890.90","1,870.90",222.25K,0.13%
01/10/2023,"1,876.50","1,875.70","1,885.20","1,872.00",170.51K,-0.07%
01/09/2023,"1,877.80","1,872.80","1,886.40","1,869.30",204.55K,0.43%
01/06/2023,"1,869.70","1,835.90","1,875.20","1,835.20",215.37K,1.58%
01/05/2023,"1,840.60","1,861.20","1,864.30","1,829.90",188.60K,-0.99%
01/04/2023,"1,859.00","1,845.20","1,871.30","1,842.00",198.35K,0.70%
01/03/2023,"1,846.10","1,831.80","1,856.60","1,831.30",212.27K,1.09%
12/30/2022,"1,826.20","1,821.80","1,832.40","1,819.80",107.50K,0.01%
12/29/2022,"1,826.00","1,812.30","1,827.30","1,811.20",105.99K,0.95%
12/28/2022,"1,808.80","1,812.40","1,812.40","1,801.30",0.43K,-0.41%
12/27/2022,"1,816.30","1,799.70","1,834.10","1,799.70",0.22K,1.05%
12/23/2022,"1,797.40","1,793.70","1,805.50","1,793.20",0.24K,0.50%
12/22/2022,"1,788.50","1,818.00","1,822.00","1,787.10",0.41K,-1.65%
12/21/2022,"1,818.50","1,821.60","1,825.40","1,815.90",0.16K,-0.01%
12/20/2022,"1,818.60","1,796.40","1,824.30","1,789.60",0.51K,1.54%
12/19/2022,"1,791.00","1,795.20","1,801.40","1,788.60",0.21K,-0.14%
12/16/2022,"1,793.50","1,779.90","1,797.20","1,778.80",0.43K,0.72%
12/15/2022,"1,780.60","1,811.80","1,812.10","1,775.00",0.69K,-1.71%
12/14/2022,"1,811.50","1,815.10","1,817.10","1,800.00",0.28K,-0.37%
12/13/2022,"1,818.30","1,785.80","1,829.00","1,785.00",0.57K,1.87%
12/12/2022,"1,785.00","1,801.60","1,801.60","1,782.00",0.31K,-1.03%
12/09/2022,"1,803.50","1,793.50","1,810.80","1,793.50",0.50K,0.52%
12/08/2022,"1,794.20","1,792.50","1,799.00","1,786.70",0.56K,0.18%
12/07/2022,"1,791.00","1,774.70","1,795.90","1,774.30",0.84K,0.87%
12/06/2022,"1,775.50","1,775.30","1,786.00","1,772.50",0.55K,0.07%
12/05/2022,"1,774.30","1,803.70","1,815.00","1,771.60",1.34K,-1.57%
12/02/2022,"1,802.60","1,809.50","1,811.50","1,786.00",1.17K,-0.31%
12/01/2022,"1,808.20","1,778.40","1,810.90","1,777.70",1.27K,3.14%
11/30/2022,"1,753.20","1,755.50","1,776.70","1,751.80",1.56K,-0.18%
11/29/2022,"1,756.30","1,747.60","1,765.00","1,746.00",1.59K,0.92%
11/28/2022,"1,740.30","1,755.00","1,763.50","1,738.20",132.77K,-0.78%
11/25/2022,"1,754.00","1,751.00","1,761.20","1,745.90",134.30K,0.00%
11/24/2022,"1,754.00","1,751.00","1,761.20","1,745.90",134.30K,0.48%
11/23/2022,"1,745.60","1,740.80","1,754.90","1,719.00",167.77K,0.33%
11/22/2022,"1,739.90","1,739.70","1,751.00","1,737.60",153.09K,0.02%
11/21/2022,"1,739.60","1,752.00","1,755.00","1,733.90",166.08K,-0.84%
11/18/2022,"1,754.40","1,763.10","1,769.90","1,749.20",137.33K,-0.49%
11/17/2022,"1,763.00","1,777.00","1,777.60","1,756.60",169.10K,-0.72%
11/16/2022,"1,775.80","1,782.00","1,788.20","1,773.40",200.76K,-0.06%
11/15/2022,"1,776.80","1,774.00","1,791.80","1,770.20",283.02K,-0.01%
11/14/2022,"1,776.90","1,769.40","1,778.40","1,755.80",191.35K,0.42%
11/11/2022,"1,769.40","1,758.30","1,775.60","1,750.30",227.04K,0.90%
11/10/2022,"1,753.70","1,709.70","1,760.60","1,705.50",305.72K,2.33%
11/09/2022,"1,713.70","1,715.20","1,725.80","1,705.10",239.65K,-0.13%
11/08/2022,"1,716.00","1,678.00","1,720.40","1,667.10",297.62K,2.11%
11/07/2022,"1,680.50","1,678.60","1,685.60","1,670.00",187.59K,0.23%
11/04/2022,"1,676.60","1,631.70","1,686.40","1,631.10",293.52K,2.80%
11/03/2022,"1,630.90","1,639.10","1,643.20","1,618.30",254.70K,-1.16%
11/02/2022,"1,650.00","1,651.40","1,673.10","1,637.40",220.93K,0.02%
11/01/2022,"1,649.70","1,636.10","1,660.30","1,633.60",197.98K,0.55%
10/31/2022,"1,640.70","1,647.20","1,648.50","1,634.50",128.41K,-0.25%
10/28/2022,"1,644.80","1,667.20","1,670.90","1,640.70",196.36K,-0.93%
10/27/2022,"1,660.30","1,664.10","1,669.20","1,654.40",2.30K,-0.25%
10/26/2022,"1,664.40","1,652.30","1,674.00","1,652.30",0.32K,0.67%
10/25/2022,"1,653.30","1,649.60","1,660.50","1,637.00",0.59K,0.25%
10/24/2022,"1,649.20","1,662.00","1,666.30","1,643.60",0.15K,-0.14%
10/21/2022,"1,651.50","1,626.10","1,657.20","1,618.10",0.64K,1.21%
10/20/2022,"1,631.80","1,628.90","1,644.30","1,621.20",0.50K,0.17%
10/19/2022,"1,629.00","1,652.40","1,654.00","1,628.00",0.30K,-1.31%
10/18/2022,"1,650.70","1,651.00","1,660.40","1,647.00",0.72K,-0.49%
10/17/2022,"1,658.90","1,646.30","1,667.60","1,645.20",0.60K,0.92%
10/14/2022,"1,643.70","1,665.60","1,672.10","1,640.80",0.64K,-1.68%
10/13/2022,"1,671.80","1,675.30","1,680.00","1,644.50",0.32K,-0.03%
10/12/2022,"1,672.30","1,668.30","1,679.60","1,663.00",0.23K,-0.51%
10/11/2022,"1,680.90","1,670.20","1,686.00","1,665.00",0.74K,0.65%
10/10/2022,"1,670.10","1,698.70","1,700.90","1,667.50",0.49K,-1.99%
10/07/2022,"1,704.00","1,714.30","1,714.60","1,694.30",0.26K,-0.67%
10/06/2022,"1,715.50","1,719.40","1,728.70","1,710.20",0.23K,-0.01%
10/05/2022,"1,715.60","1,729.20","1,729.70","1,703.90",1.04K,-0.57%
10/04/2022,"1,725.50","1,703.40","1,731.50","1,699.90",0.81K,1.67%
10/03/2022,"1,697.20","1,667.90","1,704.00","1,664.40",0.64K,1.80%
09/30/2022,"1,667.20","1,665.40","1,678.80","1,663.40",0.39K,0.22%
09/29/2022,"1,663.60","1,662.20","1,667.50","1,644.50",2.39K,0.20%
09/28/2022,"1,660.30","1,627.00","1,661.50","1,613.00",18.31K,2.08%
09/27/2022,"1,626.50","1,621.50","1,640.20","1,620.90",15.91K,0.18%
09/26/2022,"1,623.60","1,642.80","1,646.40","1,618.40",14.96K,-1.32%
09/23/2022,"1,645.30","1,670.10","1,674.50","1,636.10",17.01K,-1.56%
09/22/2022,"1,671.40","1,670.40","1,683.60","1,653.70",6.42K,0.34%
09/21/2022,"1,665.80","1,664.60","1,687.00","1,651.50",10.10K,0.29%
09/20/2022,"1,661.00","1,674.60","1,678.00","1,657.80",7.07K,-0.40%
09/19/2022,"1,667.60","1,673.00","1,678.00","1,657.10",6.29K,-0.31%
09/16/2022,"1,672.80","1,663.30","1,679.20","1,651.90",10.86K,0.36%
09/15/2022,"1,666.80","1,696.80","1,696.80","1,658.70",12.32K,-1.85%
09/14/2022,"1,698.20","1,702.50","1,706.80","1,692.80",7.08K,-0.52%
09/13/2022,"1,707.10","1,725.80","1,732.80","1,696.90",11.55K,-1.37%
09/12/2022,"1,730.80","1,719.20","1,736.40","1,712.70",5.71K,0.70%
09/09/2022,"1,718.80","1,710.20","1,730.50","1,710.00",8.17K,0.48%
09/08/2022,"1,710.60","1,720.30","1,729.30","1,704.40",5.09K,-0.44%
09/07/2022,"1,718.20","1,703.20","1,721.40","1,692.50",7.51K,0.87%
09/06/2022,"1,703.40","1,715.00","1,727.00","1,701.00",7.57K,-0.55%
09/05/2022,"1,712.90","1,724.20","1,737.40","1,710.60",206.27K,-0.01%
09/02/2022,"1,713.00","1,698.60","1,719.80","1,696.90",8.55K,0.79%
09/01/2022,"1,699.60","1,713.10","1,713.10","1,689.80",11.25K,-1.01%
08/31/2022,"1,716.90","1,725.80","1,728.70","1,711.70",8.91K,-0.58%
08/30/2022,"1,726.90","1,740.50","1,743.10","1,723.70",6.95K,-0.56%
08/29/2022,"1,736.70","1,736.00","1,741.00","1,718.20",0.95K,0.01%
08/26/2022,"1,736.50","1,758.00","1,758.00","1,733.10",1.05K,-1.21%
08/25/2022,"1,757.80","1,751.10","1,765.10","1,750.00",0.73K,0.57%
08/24/2022,"1,747.80","1,746.00","1,755.20","1,742.00",0.97K,0.03%
08/23/2022,"1,747.30","1,734.60","1,753.00","1,730.00",1.57K,0.74%
08/22/2022,"1,734.40","1,747.00","1,747.00","1,726.00",0.68K,-0.80%
08/19/2022,"1,748.40","1,757.70","1,757.70","1,744.80",0.62K,-0.46%
08/18/2022,"1,756.50","1,763.00","1,771.00","1,754.60",0.71K,-0.31%
08/17/2022,"1,761.90","1,775.50","1,781.70","1,759.00",0.62K,-0.73%
08/16/2022,"1,774.90","1,780.10","1,783.00","1,770.50",0.43K,-0.47%
08/15/2022,"1,783.30","1,803.70","1,803.70","1,772.80",0.66K,-0.97%
08/12/2022,"1,800.80","1,789.00","1,803.80","1,786.00",0.57K,0.49%
08/11/2022,"1,792.10","1,792.30","1,799.00","1,784.00",1.92K,-0.36%
08/10/2022,"1,798.50","1,796.00","1,809.10","1,788.20",1.60K,0.09%
08/09/2022,"1,796.80","1,789.50","1,801.00","1,784.00",0.93K,0.40%
08/08/2022,"1,789.60","1,776.30","1,790.30","1,771.50",1.69K,0.78%
08/05/2022,"1,775.80","1,790.90","1,795.20","1,765.00",2.04K,-0.86%
08/04/2022,"1,791.20","1,765.80","1,795.50","1,764.10",1.65K,1.72%
08/03/2022,"1,760.90","1,763.00","1,774.00","1,754.80",1.82K,-0.78%
08/02/2022,"1,774.80","1,773.90","1,790.50","1,762.00",2.47K,0.12%
08/01/2022,"1,772.70","1,767.70","1,777.00","1,759.80",1.07K,0.33%
07/29/2022,"1,766.90","1,758.50","1,769.70","1,754.00",0.86K,0.71%
07/28/2022,"1,754.40","1,737.00","1,759.00","1,736.50",1.47K,2.05%
07/27/2022,"1,719.10","1,715.20","1,739.60","1,709.10",144.87K,0.08%
07/26/2022,"1,717.70","1,717.90","1,726.40","1,711.50",147.37K,-0.08%
07/25/2022,"1,719.10","1,726.30","1,734.60","1,712.90",160.72K,-0.48%
07/22/2022,"1,727.40","1,717.20","1,738.30","1,711.70",200.62K,0.82%
07/21/2022,"1,713.40","1,693.70","1,719.50","1,678.40",248.88K,0.78%
07/20/2022,"1,700.20","1,709.50","1,712.70","1,690.10",174.47K,-0.61%
07/19/2022,"1,710.70","1,707.20","1,716.50","1,702.60",131.77K,0.03%
07/18/2022,"1,710.20","1,706.40","1,722.00","1,704.40",157.54K,0.39%
07/15/2022,"1,703.60","1,708.20","1,714.20","1,696.60",176.80K,-0.13%
07/14/2022,"1,705.80","1,733.60","1,734.80","1,695.00",266.35K,-1.71%
07/13/2022,"1,735.50","1,723.60","1,744.30","1,704.50",300.55K,0.62%
07/12/2022,"1,724.80","1,731.30","1,742.20","1,721.60",255.17K,-0.40%
07/11/2022,"1,731.70","1,741.50","1,743.00","1,729.00",171.90K,-0.61%
07/08/2022,"1,742.30","1,738.70","1,751.70","1,726.00",189.18K,0.15%
07/07/2022,"1,739.70","1,737.20","1,748.20","1,734.70",151.26K,0.18%
07/06/2022,"1,736.50","1,764.20","1,771.50","1,730.70",258.82K,-1.55%
07/05/2022,"1,763.90","1,814.40","1,815.20","1,763.00",310.37K,0.00%
07/04/2022,"1,763.90","1,814.40","1,815.20","1,763.00",310.37K,-2.09%
07/01/2022,"1,801.50","1,808.10","1,813.60","1,783.40",249.49K,-0.32%
06/30/2022,"1,807.30","1,819.20","1,826.80","1,802.50",208.90K,-0.56%
06/29/2022,"1,817.50","1,821.40","1,834.90","1,810.70",155.54K,0.00%
06/28/2022,"1,817.50","1,820.10","1,825.30","1,816.40",0.39K,-0.19%
06/27/2022,"1,821.00","1,833.40","1,837.30","1,818.00",0.58K,-0.33%
06/24/2022,"1,827.00","1,822.60","1,829.00","1,814.60",0.57K,0.04%
06/23/2022,"1,826.30","1,835.00","1,842.90","1,822.40",0.23K,-0.48%
06/22/2022,"1,835.20","1,829.30","1,845.10","1,822.30",0.53K,-0.01%
06/21/2022,"1,835.40","1,834.70","1,842.40","1,831.00",0.42K,-0.18%
06/20/2022,"1,838.80","1,840.60","1,848.40","1,830.70",176.30K,0.13%
06/17/2022,"1,836.50","1,851.80","1,851.80","1,832.00",0.48K,-0.55%
06/16/2022,"1,846.60","1,831.90","1,855.80","1,815.80",0.98K,1.67%
06/15/2022,"1,816.30","1,806.60","1,840.00","1,805.60",1.03K,0.32%
06/14/2022,"1,810.50","1,810.70","1,830.00","1,803.00",1.37K,-1.02%
06/13/2022,"1,829.20","1,876.40","1,879.50","1,818.60",0.73K,-2.32%
06/10/2022,"1,872.70","1,847.50","1,876.60","1,824.10",1.15K,1.22%
06/09/2022,"1,850.10","1,853.20","1,853.80","1,839.00",0.34K,-0.19%
06/08/2022,"1,853.60","1,852.00","1,859.10","1,844.40",0.17K,0.24%
06/07/2022,"1,849.20","1,841.10","1,855.00","1,836.00",0.62K,0.46%
06/06/2022,"1,840.80","1,849.90","1,857.50","1,840.30",0.31K,-0.35%
06/03/2022,"1,847.30","1,869.80","1,875.00","1,847.20",0.57K,-1.13%
06/02/2022,"1,868.40","1,846.80","1,870.70","1,844.00",0.70K,1.22%
06/01/2022,"1,845.80","1,837.10","1,850.00","1,827.90",1.23K,0.03%
05/31/2022,"1,845.20","1,852.60","1,863.70","1,834.70",1.81K,-0.17%
05/30/2022,"1,848.40","1,856.50","1,867.90","1,837.60",201.80K,-0.30%
05/27/2022,"1,854.00","1,852.00","1,862.70","1,849.70",1.10K,0.35%
05/26/2022,"1,847.60","1,851.80","1,852.80","1,836.30",123.36K,0.07%
05/25/2022,"1,846.30","1,865.40","1,866.70","1,838.70",182.82K,-1.02%
05/24/2022,"1,865.40","1,852.30","1,869.10","1,847.60",174.76K,0.95%
05/23/2022,"1,847.80","1,844.40","1,864.30","1,843.30",163.27K,0.31%
05/20/2022,"1,842.10","1,839.60","1,847.80","1,830.60",143.05K,0.05%
05/19/2022,"1,841.20","1,815.10","1,848.20","1,808.40",175.24K,1.39%
05/18/2022,"1,815.90","1,813.20","1,822.90","1,805.00",150.35K,-0.16%
05/17/2022,"1,818.90","1,823.90","1,834.80","1,811.00",137.29K,0.27%
05/16/2022,"1,814.00","1,809.40","1,826.00","1,785.00",159.49K,0.32%
05/13/2022,"1,808.20","1,821.40","1,827.60","1,797.20",179.48K,-0.90%
05/12/2022,"1,824.60","1,852.30","1,858.80","1,820.10",255.61K,-1.57%
05/11/2022,"1,853.70","1,836.60","1,857.80","1,830.60",243.56K,0.69%
05/10/2022,"1,841.00","1,853.90","1,864.70","1,834.50",260.81K,-0.95%
05/09/2022,"1,858.60","1,883.70","1,885.60","1,851.00",218.82K,-1.29%
05/06/2022,"1,882.80","1,877.50","1,894.00","1,865.00",194.28K,0.38%
05/05/2022,"1,875.70","1,884.10","1,910.70","1,872.30",218.39K,0.37%
05/04/2022,"1,868.80","1,868.30","1,892.00","1,861.10",161.48K,-0.10%
05/03/2022,"1,870.60","1,863.60","1,878.40","1,849.70",167.43K,0.38%
05/02/2022,"1,863.60","1,896.20","1,900.40","1,853.40",193.83K,-2.52%
04/29/2022,"1,911.70","1,895.80","1,921.30","1,893.50",177.14K,1.08%
04/28/2022,"1,891.30","1,886.80","1,897.80","1,870.90",170.91K,0.29%
04/27/2022,"1,885.80","1,903.10","1,903.10","1,879.20",1.79K,-0.83%
04/26/2022,"1,901.50","1,898.50","1,908.50","1,894.00",0.46K,0.43%
04/25/2022,"1,893.30","1,932.30","1,932.30","1,890.00",1.62K,-1.98%
04/22/2022,"1,931.60","1,949.50","1,954.20","1,926.70",0.67K,-0.71%
04/21/2022,"1,945.40","1,955.00","1,955.20","1,935.80",0.47K,-0.38%
04/20/2022,"1,952.90","1,949.90","1,957.80","1,938.70",0.63K,-0.17%
04/19/2022,"1,956.30","1,978.60","1,981.00","1,943.50",0.78K,-1.38%
04/18/2022,"1,983.60","1,974.80","2,000.00","1,972.50",0.51K,0.58%
04/14/2022,"1,972.20","1,977.50","1,981.10","1,961.20",0.57K,-0.49%
04/13/2022,"1,981.90","1,968.60","1,982.40","1,963.70",0.53K,0.44%
04/12/2022,"1,973.20","1,953.50","1,979.20","1,951.00",1.00K,1.44%
04/11/2022,"1,945.10","1,949.50","1,970.80","1,940.80",0.40K,0.14%
04/08/2022,"1,942.40","1,931.30","1,948.90","1,928.70",0.96K,0.40%
04/07/2022,"1,934.70","1,923.80","1,937.10","1,920.40",1.19K,0.78%
04/06/2022,"1,919.70","1,924.80","1,932.00","1,914.00",1.21K,-0.23%
04/05/2022,"1,924.10","1,934.40","1,945.00","1,918.10",1.19K,-0.34%
04/04/2022,"1,930.60","1,924.50","1,938.00","1,917.80",2.01K,0.50%
04/01/2022,"1,920.90","1,939.30","1,940.90","1,919.00",1.09K,-1.55%
03/31/2022,"1,951.10","1,935.40","1,951.90","1,921.50",1.46K,0.77%
03/30/2022,"1,936.10","1,922.40","1,940.00","1,917.80",2.38K,1.25%
03/29/2022,"1,912.20","1,922.40","1,929.40","1,888.30",128.05K,-1.42%
03/28/2022,"1,939.80","1,958.70","1,959.80","1,915.70",181.37K,-0.74%
03/25/2022,"1,954.20","1,957.80","1,965.10","1,942.60",147.90K,-0.41%
03/24/2022,"1,962.20","1,944.10","1,967.20","1,937.40",181.20K,1.29%
03/23/2022,"1,937.30","1,920.90","1,948.80","1,915.60",153.31K,0.82%
03/22/2022,"1,921.50","1,936.10","1,939.50","1,909.80",153.28K,-0.41%
03/21/2022,"1,929.50","1,922.40","1,941.80","1,917.20",146.41K,0.01%
03/18/2022,"1,929.30","1,943.90","1,946.20","1,918.00",150.88K,-0.72%
03/17/2022,"1,943.20","1,928.40","1,951.00","1,924.00",149.83K,1.78%
03/16/2022,"1,909.20","1,920.10","1,930.10","1,895.20",195.46K,-1.06%
03/15/2022,"1,929.70","1,953.70","1,956.90","1,908.10",220.37K,-1.59%
03/14/2022,"1,960.80","1,988.70","1,994.80","1,952.00",162.20K,-1.22%
03/11/2022,"1,985.00","2,000.30","2,004.00","1,960.60",262.09K,-0.77%
03/10/2022,"2,000.40","1,992.80","2,015.10","1,975.00",303.27K,0.61%
03/09/2022,"1,988.20","2,060.20","2,068.50","1,981.00",360.35K,-2.70%
03/08/2022,"2,043.30","2,001.00","2,078.80","1,985.80",447.65K,2.37%
03/07/2022,"1,995.90","1,978.50","2,007.50","1,964.20",372.19K,1.49%
03/04/2022,"1,966.60","1,938.50","1,974.90","1,931.50",241.53K,1.59%
03/03/2022,"1,935.90","1,931.70","1,944.60","1,923.10",180.21K,0.71%
03/02/2022,"1,922.30","1,945.30","1,951.40","1,916.00",227.98K,-1.11%
03/01/2022,"1,943.80","1,908.40","1,952.60","1,903.00",224.00K,2.27%
02/28/2022,"1,900.70","1,921.00","1,935.20","1,892.20",249.27K,0.69%
02/25/2022,"1,887.60","1,906.50","1,925.00","1,884.40",229.78K,-1.96%
02/24/2022,"1,925.40","1,911.10","1,975.00","1,880.00",2.71K,0.84%
02/23/2022,"1,909.40","1,900.30","1,911.50","1,890.40",1.98K,0.16%
02/22/2022,"1,906.40","1,902.50","1,916.80","1,888.70",2.19K,-0.05%
02/21/2022,"1,907.40","1,903.50","1,918.30","1,889.70",334.59K,0.45%
02/18/2022,"1,898.80","1,901.20","1,903.50","1,887.50",0.64K,-0.12%
02/17/2022,"1,901.00","1,870.60","1,902.30","1,869.90",0.96K,1.63%
02/16/2022,"1,870.50","1,854.30","1,873.40","1,851.70",0.43K,0.83%
02/15/2022,"1,855.10","1,872.00","1,880.10","1,844.70",0.88K,-0.71%
02/14/2022,"1,868.30","1,861.40","1,875.00","1,851.10",0.86K,1.48%
02/11/2022,"1,841.10","1,827.40","1,866.40","1,821.50",0.95K,0.26%
02/10/2022,"1,836.40","1,833.10","1,842.20","1,821.00",0.79K,0.04%
02/09/2022,"1,835.60","1,826.10","1,835.80","1,824.70",0.88K,0.48%
02/08/2022,"1,826.80","1,820.70","1,828.70","1,815.70",0.93K,0.33%
02/07/2022,"1,820.80","1,807.80","1,823.30","1,807.80",1.41K,0.77%
02/04/2022,"1,806.80","1,804.60","1,814.50","1,792.40",1.62K,0.20%
02/03/2022,"1,803.20","1,806.80","1,807.60","1,787.80",1.18K,-0.35%
02/02/2022,"1,809.50","1,800.30","1,810.50","1,794.50",1.22K,0.48%
02/01/2022,"1,800.80","1,798.10","1,808.70","1,796.00",2.54K,0.27%
01/31/2022,"1,796.00","1,791.80","1,800.00","1,785.70",1.37K,0.57%
01/28/2022,"1,785.80","1,798.40","1,799.10","1,779.70",1.30K,-0.41%
01/27/2022,"1,793.10","1,819.00","1,821.40","1,790.60",196.04K,-2.00%
01/26/2022,"1,829.70","1,848.00","1,850.20","1,814.10",270.03K,-1.23%
01/25/2022,"1,852.50","1,843.60","1,854.20","1,834.40",197.80K,0.59%
01/24/2022,"1,841.70","1,835.20","1,844.90","1,829.30",244.33K,0.54%
01/21/2022,"1,831.80","1,840.60","1,843.70","1,828.40",225.25K,-0.59%
01/20/2022,"1,842.60","1,840.10","1,848.50","1,836.20",233.86K,-0.03%
01/19/2022,"1,843.20","1,812.90","1,843.90","1,809.00",318.49K,1.70%
01/18/2022,"1,812.40","1,818.70","1,822.90","1,804.70",362.94K,0.00%
01/17/2022,"1,812.40","1,818.70","1,822.90","1,804.70",362.94K,-0.23%
01/14/2022,"1,816.50","1,822.10","1,829.30","1,814.20",174.94K,-0.27%
01/13/2022,"1,821.40","1,825.70","1,828.30","1,811.80",215.52K,-0.32%
01/12/2022,"1,827.30","1,821.30","1,828.20","1,814.40",192.98K,0.48%
01/11/2022,"1,818.50","1,801.30","1,823.10","1,799.70",184.15K,1.10%
01/10/2022,"1,798.80","1,796.40","1,802.00","1,789.30",173.04K,0.08%
01/07/2022,"1,797.40","1,791.00","1,798.40","1,781.30",238.93K,0.46%
01/06/2022,"1,789.20","1,810.60","1,811.60","1,785.40",238.64K,-1.97%
01/05/2022,"1,825.10","1,815.20","1,830.70","1,808.20",173.34K,0.58%
01/04/2022,"1,814.60","1,801.10","1,817.20","1,798.10",167.71K,0.81%
01/03/2022,"1,800.10","1,830.10","1,833.00","1,798.20",168.31K,-1.56%
12/31/2021,"1,828.60","1,817.00","1,831.40","1,815.40",106.60K,0.80%
12/30/2021,"1,814.10","1,805.60","1,818.10","1,796.20",113.43K,0.52%
12/29/2021,"1,804.80","1,805.00","1,807.10","1,788.40",0.62K,-0.29%
12/28/2021,"1,810.10","1,812.00","1,820.00","1,805.30",0.61K,0.12%
12/27/2021,"1,808.00","1,808.40","1,813.30","1,803.70",1.19K,-0.17%
12/23/2021,"1,811.00","1,804.90","1,810.80","1,799.80",0.77K,0.53%
12/22/2021,"1,801.50","1,789.80","1,805.00","1,785.90",1.00K,0.76%
12/21/2021,"1,788.00","1,790.70","1,799.90","1,784.70",0.47K,-0.32%
12/20/2021,"1,793.80","1,798.50","1,803.50","1,789.00",0.42K,-0.57%
12/17/2021,"1,804.10","1,800.10","1,814.10","1,796.50",0.79K,0.37%
12/16/2021,"1,797.40","1,778.30","1,799.30","1,775.00",0.47K,1.92%
12/15/2021,"1,763.60","1,770.40","1,779.80","1,754.30",1.13K,-0.43%
12/14/2021,"1,771.30","1,786.10","1,787.70","1,766.00",0.44K,-0.90%
12/13/2021,"1,787.30","1,783.00","1,790.20","1,781.60",0.36K,0.20%
12/10/2021,"1,783.80","1,775.20","1,789.40","1,769.60",0.45K,0.46%
12/09/2021,"1,775.70","1,783.20","1,786.80","1,774.30",0.31K,-0.49%
12/08/2021,"1,784.50","1,784.00","1,790.90","1,779.80",1.04K,0.05%
12/07/2021,"1,783.60","1,778.20","1,786.50","1,771.80",0.55K,0.29%
12/06/2021,"1,778.50","1,786.80","1,786.80","1,775.30",0.35K,-0.25%
12/03/2021,"1,782.90","1,770.40","1,785.90","1,765.90",0.84K,1.21%
12/02/2021,"1,761.60","1,782.20","1,782.50","1,761.80",0.93K,-1.20%
12/01/2021,"1,783.00","1,776.00","1,792.40","1,772.50",1.27K,0.45%
11/30/2021,"1,775.10","1,785.80","1,809.60","1,770.00",1.75K,-0.49%
11/29/2021,"1,783.80","1,794.50","1,800.20","1,781.10",1.77K,-0.10%
11/26/2021,"1,785.50","1,789.60","1,816.30","1,778.60",186.80K,0.00%
11/25/2021,"1,785.50","1,789.60","1,816.30","1,778.60",186.80K,0.07%
11/24/2021,"1,784.30","1,789.80","1,796.20","1,777.40",203.24K,0.03%
11/23/2021,"1,783.80","1,807.10","1,812.50","1,781.70",311.35K,-1.25%
11/22/2021,"1,806.30","1,848.30","1,850.40","1,802.40",352.86K,-2.45%
11/19/2021,"1,851.60","1,860.80","1,868.10","1,844.20",234.08K,-0.53%
11/18/2021,"1,861.40","1,869.50","1,873.30","1,856.60",186.06K,-0.47%
11/17/2021,"1,870.20","1,851.60","1,870.60","1,851.10",172.42K,0.87%
11/16/2021,"1,854.10","1,864.90","1,879.50","1,851.00",220.43K,-0.67%
11/15/2021,"1,866.60","1,872.60","1,873.00","1,858.50",221.21K,-0.10%
11/12/2021,"1,868.50","1,864.30","1,871.40","1,847.50",201.36K,0.25%
11/11/2021,"1,863.90","1,851.50","1,868.70","1,845.10",205.31K,0.84%
11/10/2021,"1,848.30","1,834.50","1,870.60","1,823.00",352.79K,0.96%
11/09/2021,"1,830.80","1,826.90","1,834.80","1,821.00",224.41K,0.15%
11/08/2021,"1,828.00","1,820.60","1,828.30","1,813.80",200.41K,0.62%
11/05/2021,"1,816.80","1,792.60","1,820.10","1,785.30",299.62K,1.30%
11/04/2021,"1,793.50","1,769.90","1,800.30","1,769.30",222.61K,1.68%
11/03/2021,"1,763.90","1,789.20","1,789.30","1,758.50",257.43K,-1.43%
11/02/2021,"1,789.40","1,794.80","1,797.80","1,787.40",145.79K,-0.36%
11/01/2021,"1,795.80","1,785.30","1,797.50","1,780.20",143.33K,0.67%
10/29/2021,"1,783.90","1,801.50","1,802.90","1,772.40",254.51K,-1.04%
10/28/2021,"1,802.60","1,798.70","1,812.70","1,793.10",220.88K,0.27%
10/27/2021,"1,797.80","1,789.40","1,799.00","1,785.80",0.54K,0.30%
10/26/2021,"1,792.50","1,808.60","1,808.80","1,783.30",0.58K,-0.76%
10/25/2021,"1,806.20","1,793.50","1,810.10","1,793.30",0.22K,0.58%
10/22/2021,"1,795.70","1,786.00","1,813.50","1,785.00",0.31K,0.81%
10/21/2021,"1,781.30","1,782.40","1,788.80","1,778.00",0.12K,-0.17%
10/20/2021,"1,784.40","1,768.50","1,789.00","1,768.40",0.32K,0.82%
10/19/2021,"1,769.90","1,764.10","1,785.00","1,763.00",0.22K,0.27%
10/18/2021,"1,765.10","1,767.10","1,770.20","1,760.20",2.18K,-0.15%
10/15/2021,"1,767.70","1,796.80","1,796.80","1,766.30",0.88K,-1.65%
10/14/2021,"1,797.30","1,793.00","1,800.70","1,788.10",0.43K,0.18%
10/13/2021,"1,794.10","1,760.40","1,796.10","1,758.50",0.41K,2.01%
10/12/2021,"1,758.70","1,752.30","1,769.50","1,751.40",0.55K,0.21%
10/11/2021,"1,755.10","1,754.00","1,759.80","1,752.30",0.12K,-0.10%
10/08/2021,"1,756.80","1,757.10","1,780.60","1,755.00",0.62K,-0.10%
10/07/2021,"1,758.60","1,763.30","1,766.20","1,753.20",0.47K,-0.15%
10/06/2021,"1,761.20","1,757.70","1,765.40","1,745.80",0.39K,0.06%
10/05/2021,"1,760.20","1,768.90","1,768.90","1,748.10",0.32K,-0.38%
10/04/2021,"1,766.90","1,760.40","1,769.50","1,747.30",0.55K,0.52%
10/01/2021,"1,757.70","1,755.90","1,764.30","1,750.00",0.15K,0.08%
09/30/2021,"1,756.30","1,725.90","1,763.40","1,723.30",0.39K,1.98%
09/29/2021,"1,722.20","1,733.50","1,745.10","1,721.50",0.84K,-0.79%
09/28/2021,"1,735.90","1,748.10","1,751.90","1,726.40",15.75K,-0.81%
09/27/2021,"1,750.00","1,750.00","1,758.70","1,744.10",9.86K,0.02%
09/24/2021,"1,749.70","1,741.30","1,755.60","1,738.30",9.36K,0.11%
09/23/2021,"1,747.70","1,766.90","1,774.50","1,736.30",10.63K,-1.63%
09/22/2021,"1,776.70","1,773.10","1,785.90","1,762.80",6.34K,0.03%
09/21/2021,"1,776.10","1,763.40","1,780.80","1,756.30",11.49K,0.81%
09/20/2021,"1,761.80","1,752.00","1,766.00","1,740.50",3.66K,0.71%
09/17/2021,"1,749.40","1,751.10","1,765.40","1,745.40",8.31K,-0.30%
09/16/2021,"1,754.60","1,793.50","1,795.10","1,743.50",11.97K,-2.12%
09/15/2021,"1,792.60","1,804.20","1,806.00","1,789.80",2.66K,-0.69%
09/14/2021,"1,805.00","1,792.80","1,808.40","1,778.60",5.78K,0.71%
09/13/2021,"1,792.30","1,787.50","1,797.80","1,782.30",2.76K,0.13%
09/10/2021,"1,789.90","1,794.40","1,803.70","1,786.50",2.94K,-0.44%
09/09/2021,"1,797.80","1,789.50","1,800.80","1,783.70",6.41K,0.37%
09/08/2021,"1,791.20","1,794.10","1,802.20","1,780.80",3.91K,-0.28%
09/07/2021,"1,796.30","1,831.50","1,831.50","1,791.80",8.86K,-0.12%
09/06/2021,"1,798.50","1,833.50","1,833.50","1,793.70",252.48K,-1.80%
09/03/2021,"1,831.50","1,809.50","1,834.50","1,809.00",5.23K,1.22%
09/02/2021,"1,809.40","1,814.20","1,817.10","1,804.60",3.45K,-0.24%
09/01/2021,"1,813.80","1,815.00","1,820.20","1,808.80",5.39K,-0.11%
08/31/2021,"1,815.80","1,810.00","1,819.50","1,801.30",5.15K,0.33%
08/30/2021,"1,809.80","1,819.00","1,823.60","1,807.80",2.78K,-0.37%
08/27/2021,"1,816.60","1,794.60","1,818.70","1,786.70",1.22K,1.35%
08/26/2021,"1,792.40","1,790.00","1,796.10","1,780.70",0.57K,0.23%
08/25/2021,"1,788.20","1,802.10","1,802.10","1,782.50",0.91K,-0.98%
08/24/2021,"1,805.90","1,804.80","1,809.40","1,800.00",0.50K,0.13%
08/23/2021,"1,803.60","1,780.70","1,805.50","1,775.90",0.78K,1.25%
08/20/2021,"1,781.40","1,779.50","1,787.80","1,778.00",0.62K,0.04%
08/19/2021,"1,780.60","1,787.20","1,792.20","1,774.00",0.40K,-0.08%
08/18/2021,"1,782.10","1,785.70","1,793.00","1,776.50",0.56K,-0.19%
08/17/2021,"1,785.50","1,786.50","1,794.50","1,779.60",1.12K,-0.10%
08/16/2021,"1,787.20","1,777.70","1,787.90","1,770.40",0.86K,0.66%
08/13/2021,"1,775.50","1,752.00","1,778.60","1,751.30",1.00K,1.50%
08/12/2021,"1,749.30","1,750.90","1,756.50","1,740.10",0.30K,-0.09%
08/11/2021,"1,750.80","1,727.40","1,754.00","1,723.10",0.95K,1.26%
08/10/2021,"1,729.00","1,728.60","1,736.50","1,716.00",0.71K,0.30%
08/09/2021,"1,723.80","1,762.80","1,762.80","1,690.10",1.82K,-2.07%
08/06/2021,"1,760.30","1,803.70","1,803.70","1,756.80",1.99K,-2.51%
08/05/2021,"1,805.70","1,811.40","1,814.30","1,796.70",0.90K,-0.30%
08/04/2021,"1,811.20","1,810.50","1,832.10","1,805.00",2.01K,0.03%
08/03/2021,"1,810.70","1,813.10","1,814.00","1,806.50",0.46K,-0.44%
08/02/2021,"1,818.70","1,813.40","1,819.60","1,804.90",0.79K,0.29%
07/30/2021,"1,813.50","1,829.20","1,831.60","1,809.80",1.64K,-1.03%
07/29/2021,"1,832.30","1,807.80","1,833.80","1,807.50",3.65K,1.81%
07/28/2021,"1,799.70","1,798.60","1,809.00","1,790.70",209.78K,-0.01%
07/27/2021,"1,799.80","1,797.10","1,805.40","1,792.80",177.04K,0.03%
07/26/2021,"1,799.20","1,802.30","1,812.00","1,796.00",204.55K,-0.14%
07/23/2021,"1,801.80","1,807.70","1,810.70","1,789.10",236.76K,-0.20%
07/22/2021,"1,805.40","1,803.90","1,808.40","1,791.90",193.32K,0.11%
07/21/2021,"1,803.40","1,810.60","1,814.40","1,794.30",218.64K,-0.44%
07/20/2021,"1,811.40","1,813.50","1,825.90","1,805.20",221.14K,0.12%
07/19/2021,"1,809.20","1,811.60","1,818.00","1,795.00",249.68K,-0.32%
07/16/2021,"1,815.00","1,830.70","1,832.70","1,809.50",184.66K,-0.77%
07/15/2021,"1,829.00","1,828.70","1,835.00","1,820.60",175.61K,0.22%
07/14/2021,"1,825.00","1,808.30","1,831.10","1,804.90",229.88K,0.83%
07/13/2021,"1,809.90","1,806.70","1,818.00","1,798.70",242.18K,0.22%
07/12/2021,"1,805.90","1,808.50","1,811.00","1,791.00",201.42K,-0.26%
07/09/2021,"1,810.60","1,803.20","1,813.00","1,796.60",185.58K,0.58%
07/08/2021,"1,800.20","1,803.80","1,819.50","1,793.50",249.34K,-0.11%
07/07/2021,"1,802.10","1,797.00","1,810.20","1,794.10",171.08K,0.44%
07/06/2021,"1,794.20","1,787.50","1,815.70","1,784.70",276.60K,0.00%
07/05/2021,"1,794.20","1,787.50","1,815.70","1,784.70",276.60K,0.61%
07/02/2021,"1,783.30","1,777.50","1,795.90","1,774.40",205.86K,0.37%
07/01/2021,"1,776.80","1,770.80","1,783.40","1,765.90",171.44K,0.29%
06/30/2021,"1,771.60","1,761.90","1,774.70","1,753.20",177.89K,0.45%
06/29/2021,"1,763.60","1,778.80","1,779.20","1,750.10",239.91K,-0.91%
06/28/2021,"1,779.80","1,780.30","1,783.50","1,770.00",0.89K,0.16%
06/25/2021,"1,777.00","1,776.00","1,789.90","1,772.90",0.52K,0.07%
06/24/2021,"1,775.80","1,778.00","1,787.20","1,772.50",0.49K,-0.38%
06/23/2021,"1,782.50","1,777.20","1,794.50","1,772.90",0.50K,0.34%
06/22/2021,"1,776.50","1,785.30","1,789.00","1,771.10",0.83K,-0.33%
06/21/2021,"1,782.30","1,763.80","1,785.40","1,763.80",0.69K,0.79%
06/18/2021,"1,768.40","1,774.00","1,796.50","1,761.40",1.36K,-0.34%
06/17/2021,"1,774.50","1,811.40","1,824.00","1,767.90",3.63K,-4.61%
06/16/2021,"1,860.20","1,859.80","1,864.20","1,804.20",1.69K,0.27%
06/15/2021,"1,855.20","1,866.80","1,868.80","1,852.10",0.36K,-0.50%
06/14/2021,"1,864.60","1,878.30","1,878.30","1,844.80",1.22K,-0.73%
06/11/2021,"1,878.40","1,900.30","1,904.50","1,875.00",0.82K,-0.89%
06/10/2021,"1,895.20","1,890.20","1,901.00","1,871.30",0.98K,0.05%
06/09/2021,"1,894.20","1,893.00","1,900.40","1,888.00",0.69K,0.06%
06/08/2021,"1,893.10","1,900.60","1,904.90","1,885.00",1.57K,-0.24%
06/07/2021,"1,897.60","1,893.30","1,901.40","1,882.50",0.64K,0.36%
06/04/2021,"1,890.80","1,872.10","1,897.30","1,855.00",0.96K,1.00%
06/03/2021,"1,872.10","1,909.60","1,909.60","1,866.40",1.35K,-1.92%
06/02/2021,"1,908.70","1,900.20","1,910.30","1,895.20",1.34K,0.26%
06/01/2021,"1,903.70","1,905.90","1,917.40","1,893.20",2.09K,-0.07%
05/31/2021,"1,905.00","1,906.80","1,919.20","1,894.50",290.65K,0.05%
05/28/2021,"1,904.00","1,898.30","1,907.30","1,883.10",1.50K,0.37%
05/27/2021,"1,896.90","1,898.00","1,904.50","1,890.00",1.13K,-0.23%
05/26/2021,"1,901.20","1,900.00","1,913.30","1,890.70",170.53K,0.17%
05/25/2021,"1,898.00","1,881.20","1,901.20","1,873.20",316.67K,0.72%
05/24/2021,"1,884.50","1,883.50","1,887.90","1,875.70",183.31K,0.42%
05/21/2021,"1,876.70","1,878.10","1,890.30","1,870.30",234.29K,-0.28%
05/20/2021,"1,881.90","1,869.90","1,885.30","1,864.20",223.57K,0.02%
05/19/2021,"1,881.50","1,870.20","1,891.30","1,852.20",398.21K,0.72%
05/18/2021,"1,868.00","1,867.30","1,875.90","1,863.50",229.02K,0.02%
05/17/2021,"1,867.60","1,845.90","1,869.30","1,841.10",267.71K,1.60%
05/14/2021,"1,838.10","1,826.40","1,847.10","1,819.00",224.38K,0.77%
05/13/2021,"1,824.00","1,816.20","1,829.10","1,808.40",249.93K,0.07%
05/12/2021,"1,822.80","1,838.20","1,844.70","1,813.00",339.21K,-0.72%
05/11/2021,"1,836.10","1,836.20","1,842.50","1,817.80",311.10K,-0.08%
05/10/2021,"1,837.60","1,835.40","1,846.30","1,830.50",269.71K,0.34%
05/07/2021,"1,831.30","1,815.40","1,844.60","1,813.40",367.70K,0.86%
05/06/2021,"1,815.70","1,787.00","1,818.60","1,781.80",287.63K,1.76%
05/05/2021,"1,784.30","1,778.40","1,788.10","1,769.30",178.81K,0.47%
05/04/2021,"1,776.00","1,793.20","1,799.50","1,769.20",246.59K,-0.88%
05/03/2021,"1,791.80","1,768.10","1,798.90","1,765.60",204.54K,1.36%
04/30/2021,"1,767.70","1,772.40","1,773.30","1,763.30",167.29K,-0.03%
04/29/2021,"1,768.30","1,781.90","1,789.90","1,754.60",231.52K,-0.29%
04/28/2021,"1,773.50","1,775.50","1,780.00","1,762.50",0.76K,-0.26%
04/27/2021,"1,778.20","1,780.30","1,784.30","1,773.90",0.27K,-0.07%
04/26/2021,"1,779.40","1,775.00","1,782.50","1,768.20",0.75K,0.12%
04/23/2021,"1,777.30","1,784.00","1,795.20","1,771.50",0.37K,-0.24%
04/22/2021,"1,781.50","1,794.50","1,797.20","1,776.80",0.29K,-0.62%
04/21/2021,"1,792.70","1,777.40","1,797.70","1,776.00",0.74K,0.85%
04/20/2021,"1,777.60","1,769.50","1,779.20","1,763.00",1.09K,0.45%
04/19/2021,"1,769.70","1,777.20","1,789.40","1,766.20",0.70K,-0.54%
04/16/2021,"1,779.30","1,764.20","1,783.50","1,759.70",0.45K,0.76%
04/15/2021,"1,765.80","1,735.30","1,768.60","1,733.70",0.58K,1.76%
04/14/2021,"1,735.30","1,745.00","1,749.00","1,731.60",0.63K,-0.64%
04/13/2021,"1,746.50","1,732.00","1,748.40","1,722.50",0.60K,0.86%
04/12/2021,"1,731.60","1,742.40","1,743.20","1,726.10",0.33K,-0.70%
04/09/2021,"1,743.80","1,755.30","1,757.10","1,731.00",0.64K,-0.76%
04/08/2021,"1,757.10","1,737.50","1,758.30","1,733.60",0.69K,0.95%
04/07/2021,"1,740.50","1,743.00","1,743.00","1,730.50",0.36K,-0.09%
04/06/2021,"1,742.00","1,727.30","1,745.00","1,727.30",0.79K,0.83%
04/05/2021,"1,727.70","1,726.60","1,733.20","1,720.90",0.43K,0.02%
04/01/2021,"1,727.30","1,707.90","1,730.40","1,705.70",1.32K,0.75%
03/31/2021,"1,714.40","1,684.10","1,714.90","1,676.80",1.16K,1.74%
03/30/2021,"1,685.10","1,711.90","1,712.80","1,677.80",1.90K,-1.58%
03/29/2021,"1,712.20","1,731.50","1,732.60","1,703.30",135.46K,-1.16%
03/26/2021,"1,732.30","1,725.50","1,735.50","1,718.80",172.94K,0.42%
03/25/2021,"1,725.10","1,733.20","1,744.80","1,720.30",226.21K,-0.47%
03/24/2021,"1,733.20","1,725.90","1,737.70","1,722.30",186.52K,0.47%
03/23/2021,"1,725.10","1,738.50","1,742.00","1,722.70",226.20K,-0.75%
03/22/2021,"1,738.10","1,745.60","1,747.00","1,726.40",196.31K,-0.21%
03/19/2021,"1,741.70","1,733.70","1,746.10","1,727.10",213.28K,0.53%
03/18/2021,"1,732.50","1,744.00","1,754.20","1,716.60",251.76K,0.31%
03/17/2021,"1,727.10","1,730.00","1,750.60","1,722.00",220.55K,-0.22%
03/16/2021,"1,730.90","1,730.70","1,740.50","1,724.40",173.89K,0.10%
03/15/2021,"1,729.20","1,726.50","1,733.20","1,719.20",163.05K,0.55%
03/12/2021,"1,719.80","1,720.50","1,728.00","1,696.60",232.21K,-0.16%
03/11/2021,"1,722.60","1,725.00","1,738.00","1,716.80",215.34K,0.05%
03/10/2021,"1,721.80","1,714.50","1,725.30","1,705.60",226.89K,0.29%
03/09/2021,"1,716.90","1,679.30","1,718.70","1,676.70",248.95K,2.32%
03/08/2021,"1,678.00","1,701.60","1,712.00","1,673.30",273.91K,-1.21%
03/05/2021,"1,698.50","1,695.30","1,705.70","1,683.00",269.33K,-0.13%
03/04/2021,"1,700.70","1,708.40","1,721.60","1,687.60",277.45K,-0.88%
03/03/2021,"1,715.80","1,736.50","1,739.10","1,699.40",255.65K,-1.03%
03/02/2021,"1,733.60","1,722.80","1,737.80","1,704.60",235.96K,0.62%
03/01/2021,"1,723.00","1,732.80","1,757.40","1,717.20",241.92K,-0.34%
02/26/2021,"1,728.80","1,770.90","1,773.80","1,714.90",362.55K,-2.62%
02/25/2021,"1,775.40","1,804.90","1,805.00","1,763.90",316.25K,-1.18%
02/24/2021,"1,796.60","1,805.00","1,810.70","1,782.00",1.50K,-0.45%
02/23/2021,"1,804.80","1,809.40","1,813.00","1,795.00",1.02K,-0.13%
02/22/2021,"1,807.20","1,785.00","1,809.90","1,779.50",1.73K,1.74%
02/19/2021,"1,776.30","1,772.70","1,789.00","1,759.40",1.79K,0.13%
02/18/2021,"1,774.00","1,776.20","1,787.60","1,765.90",0.62K,0.12%
02/17/2021,"1,771.80","1,789.20","1,792.60","1,767.70",1.02K,-1.45%
02/16/2021,"1,797.90","1,825.00","1,825.20","1,787.60",1.54K,-0.06%
02/15/2021,"1,799.00","1,826.00","1,827.10","1,788.10",355.92K,-1.26%
02/12/2021,"1,822.00","1,824.50","1,830.00","1,810.00",1.60K,-0.20%
02/11/2021,"1,825.60","1,821.10","1,846.00","1,820.90",0.92K,-0.87%
02/10/2021,"1,841.60","1,838.50","1,855.00","1,832.70",1.38K,0.29%
02/09/2021,"1,836.20","1,831.10","1,848.10","1,829.60",0.79K,0.17%
02/08/2021,"1,833.00","1,816.60","1,838.70","1,806.60",1.22K,1.16%
02/05/2021,"1,811.90","1,793.70","1,814.30","1,791.50",1.38K,1.21%
02/04/2021,"1,790.30","1,833.50","1,834.00","1,783.60",1.99K,-2.37%
02/03/2021,"1,833.80","1,837.60","1,844.50","1,829.40",0.81K,0.08%
02/02/2021,"1,832.40","1,861.70","1,863.60","1,829.20",1.66K,-1.60%
02/01/2021,"1,862.20","1,863.60","1,874.00","1,850.50",2.03K,0.71%
01/29/2021,"1,849.00","1,843.60","1,877.20","1,839.90",2.23K,0.52%
01/28/2021,"1,839.40","1,844.90","1,865.00","1,834.10",2.14K,-0.30%
01/27/2021,"1,844.90","1,849.70","1,851.50","1,828.40",195.54K,-0.32%
01/26/2021,"1,850.90","1,854.90","1,860.80","1,847.20",170.26K,-0.23%
01/25/2021,"1,855.20","1,855.30","1,867.40","1,846.20",211.98K,-0.05%
01/22/2021,"1,856.20","1,870.10","1,870.80","1,836.30",249.72K,-0.52%
01/21/2021,"1,865.90","1,871.00","1,874.60","1,857.50",196.94K,-0.03%
01/20/2021,"1,866.50","1,839.90","1,872.00","1,831.10",274.40K,1.43%
01/19/2021,"1,840.20","1,828.80","1,845.00","1,800.80",331.59K,0.00%
01/18/2021,"1,840.20","1,828.80","1,845.00","1,800.80",331.59K,0.56%
01/15/2021,"1,829.90","1,847.30","1,856.60","1,822.10",231.11K,-1.16%
01/14/2021,"1,851.40","1,845.60","1,857.60","1,826.60",257.66K,-0.19%
01/13/2021,"1,854.90","1,855.00","1,863.00","1,841.60",225.99K,0.58%
01/12/2021,"1,844.20","1,845.40","1,864.00","1,835.80",240.66K,-0.36%
01/11/2021,"1,850.80","1,849.40","1,856.00","1,817.10",268.36K,0.84%
01/08/2021,"1,835.40","1,915.20","1,918.40","1,827.80",443.51K,-4.09%
01/07/2021,"1,913.60","1,921.50","1,929.60","1,907.50",199.98K,0.26%
01/06/2021,"1,908.60","1,952.80","1,962.50","1,902.60",366.61K,-2.34%
01/05/2021,"1,954.40","1,946.00","1,957.00","1,938.40",201.95K,0.40%
01/04/2021,"1,946.60","1,908.20","1,948.70","1,906.10",273.37K,2.72%
12/31/2020,"1,895.10","1,899.00","1,904.90","1,889.10",130.63K,0.09%
12/30/2020,"1,893.40","1,881.80","1,899.00","1,879.50",133.66K,0.69%
12/29/2020,"1,880.50","1,880.00","1,886.30","1,874.40",0.34K,0.14%
12/28/2020,"1,877.90","1,884.40","1,900.80","1,874.10",1.31K,-0.15%
12/24/2020,"1,880.70","1,874.10","1,882.10","1,871.10",0.20K,0.27%
12/23/2020,"1,875.60","1,862.20","1,880.10","1,859.80",0.50K,0.42%
12/22/2020,"1,867.70","1,883.70","1,885.40","1,861.60",0.56K,-0.67%
12/21/2020,"1,880.30","1,890.30","1,908.50","1,857.20",1.06K,-0.33%
12/18/2020,"1,886.50","1,887.10","1,892.70","1,879.90",0.59K,-0.07%
12/17/2020,"1,887.90","1,866.70","1,898.30","1,864.10",1.32K,1.66%
12/16/2020,"1,857.00","1,853.50","1,867.10","1,846.20",0.58K,0.21%
12/15/2020,"1,853.20","1,827.90","1,856.10","1,827.70",0.74K,1.28%
12/14/2020,"1,829.80","1,838.70","1,839.80","1,821.10",0.61K,-0.63%
12/11/2020,"1,841.40","1,838.30","1,849.40","1,827.70",0.53K,0.34%
12/10/2020,"1,835.20","1,840.30","1,851.20","1,831.30",0.74K,-0.05%
12/09/2020,"1,836.10","1,872.00","1,872.00","1,826.80",1.05K,-1.93%
12/08/2020,"1,872.30","1,864.10","1,877.00","1,861.70",0.89K,0.48%
12/07/2020,"1,863.30","1,838.40","1,870.20","1,823.00",1.17K,1.40%
12/04/2020,"1,837.50","1,842.30","1,850.10","1,830.20",1.25K,-0.05%
12/03/2020,"1,838.40","1,830.50","1,844.00","1,824.00",1.37K,0.59%
12/02/2020,"1,827.60","1,814.60","1,833.00","1,808.10",1.75K,0.61%
12/01/2020,"1,816.60","1,777.50","1,818.30","1,776.40",1.66K,2.17%
11/30/2020,"1,778.00","1,787.40","1,789.90","1,764.90",1.61K,-0.38%
11/27/2020,"1,784.80","1,809.90","1,820.00","1,772.90",6.58K,-0.18%
11/26/2020,"1,788.10","1,812.10","1,822.60","1,776.50",282.35K,-0.96%
11/25/2020,"1,805.50","1,805.20","1,816.30","1,798.60",205.75K,0.05%
11/24/2020,"1,804.60","1,835.70","1,836.90","1,797.10",367.88K,-1.81%
11/23/2020,"1,837.80","1,869.80","1,875.00","1,828.00",319.66K,-1.85%
11/20/2020,"1,872.40","1,864.80","1,879.20","1,859.10",186.17K,0.59%
11/19/2020,"1,861.50","1,872.00","1,872.60","1,850.00",222.35K,-0.66%
11/18/2020,"1,873.90","1,879.50","1,884.20","1,860.30",209.00K,-0.59%
11/17/2020,"1,885.10","1,888.20","1,892.70","1,876.30",160.88K,-0.14%
11/16/2020,"1,887.80","1,886.60","1,898.00","1,861.50",222.94K,0.08%
11/13/2020,"1,886.20","1,875.60","1,895.80","1,872.10",162.54K,0.69%
11/12/2020,"1,873.30","1,863.90","1,883.00","1,860.70",209.93K,0.63%
11/11/2020,"1,861.60","1,876.10","1,882.50","1,853.90",215.17K,-0.79%
11/10/2020,"1,876.40","1,864.10","1,888.90","1,858.90",264.87K,1.19%
11/09/2020,"1,854.40","1,956.00","1,966.10","1,848.00",496.09K,-4.99%
11/06/2020,"1,951.70","1,950.00","1,961.80","1,937.20",246.78K,0.25%
11/05/2020,"1,946.80","1,903.40","1,954.30","1,902.20",297.51K,2.67%
11/04/2020,"1,896.20","1,910.30","1,917.90","1,881.80",293.95K,-0.74%
11/03/2020,"1,910.40","1,896.40","1,912.20","1,887.60",171.37K,0.95%
11/02/2020,"1,892.50","1,877.00","1,897.10","1,873.30",164.94K,0.67%
10/30/2020,"1,879.90","1,867.90","1,890.90","1,863.30",213.17K,0.64%
10/29/2020,"1,868.00","1,877.50","1,885.10","1,859.20",225.16K,-0.45%
10/28/2020,"1,876.50","1,908.00","1,909.80","1,867.90",0.28K,-1.71%
10/27/2020,"1,909.20","1,901.30","1,910.80","1,898.40",0.33K,0.32%
10/26/2020,"1,903.10","1,902.10","1,908.00","1,890.80",0.28K,0.04%
10/23/2020,"1,902.30","1,904.30","1,913.70","1,893.00",0.39K,0.04%
10/22/2020,"1,901.60","1,924.00","1,925.40","1,891.90",1.13K,-1.25%
10/21/2020,"1,925.70","1,909.00","1,932.00","1,908.50",0.89K,0.74%
10/20/2020,"1,911.60","1,902.20","1,913.60","1,893.60",0.37K,0.20%
10/19/2020,"1,907.70","1,899.60","1,919.00","1,896.90",0.51K,0.28%
10/16/2020,"1,902.40","1,908.40","1,913.40","1,897.80",0.27K,-0.13%
10/15/2020,"1,904.90","1,902.00","1,909.20","1,889.00",0.49K,0.09%
10/14/2020,"1,903.10","1,891.30","1,912.80","1,880.90",0.41K,0.68%
10/13/2020,"1,890.20","1,923.70","1,925.10","1,885.90",0.80K,-1.77%
10/12/2020,"1,924.30","1,930.90","1,933.30","1,920.00",0.44K,0.12%
10/09/2020,"1,921.90","1,894.80","1,932.00","1,894.80",0.97K,1.63%
10/08/2020,"1,891.00","1,886.80","1,900.40","1,881.70",0.70K,0.22%
10/07/2020,"1,886.80","1,879.90","1,897.40","1,873.20",0.44K,-0.94%
10/06/2020,"1,904.80","1,913.70","1,922.00","1,875.10",1.05K,-0.59%
10/05/2020,"1,916.10","1,906.70","1,920.00","1,887.70",0.66K,0.65%
10/02/2020,"1,903.80","1,907.00","1,919.00","1,893.00",0.81K,-0.44%
10/01/2020,"1,912.30","1,888.00","1,913.90","1,886.00",0.75K,1.11%
09/30/2020,"1,891.30","1,898.90","1,903.60","1,882.10",0.55K,-0.39%
09/29/2020,"1,898.70","1,881.20","1,899.90","1,877.60",0.53K,1.38%
09/28/2020,"1,872.80","1,855.60","1,878.40","1,843.20",10.46K,0.81%
09/25/2020,"1,857.80","1,866.20","1,870.60","1,846.00",10.59K,-0.59%
09/24/2020,"1,868.90","1,859.40","1,872.80","1,843.00",19.91K,0.45%
09/23/2020,"1,860.50","1,895.00","1,901.60","1,848.00",18.93K,-2.04%
09/22/2020,"1,899.30","1,909.10","1,916.80","1,890.70",11.15K,-0.15%
09/21/2020,"1,902.10","1,948.30","1,954.10","1,878.50",18.21K,-2.62%
09/18/2020,"1,953.20","1,944.00","1,959.10","1,942.90",6.45K,0.61%
09/17/2020,"1,941.30","1,959.60","1,960.50","1,930.20",12.10K,-1.06%
09/16/2020,"1,962.00","1,954.30","1,975.40","1,949.10",11.67K,0.20%
09/15/2020,"1,958.00","1,957.60","1,973.80","1,947.70",18.10K,0.17%
09/14/2020,"1,954.70","1,940.30","1,963.60","1,937.00",6.70K,0.78%
09/11/2020,"1,939.50","1,945.00","1,954.60","1,936.20",8.09K,-0.84%
09/10/2020,"1,956.00","1,947.50","1,966.60","1,940.40",11.35K,0.47%
09/09/2020,"1,946.80","1,932.00","1,951.40","1,918.80",8.35K,0.60%
09/08/2020,"1,935.10","1,930.00","1,940.20","1,904.60",15.62K,-0.42%
09/07/2020,"1,943.20","1,938.00","1,948.30","1,911.70",416.01K,0.88%
09/04/2020,"1,926.20","1,931.90","1,948.80","1,914.60",10.62K,-0.21%
09/03/2020,"1,930.20","1,941.80","1,948.40","1,919.70",8.94K,-0.35%
09/02/2020,"1,936.90","1,967.90","1,972.40","1,931.50",10.84K,-1.72%
09/01/2020,"1,970.80","1,965.90","1,992.50","1,961.20",10.95K,0.02%
08/31/2020,"1,970.50","1,966.70","1,977.70","1,955.00",7.16K,0.19%
08/28/2020,"1,966.80","1,930.10","1,974.90","1,921.20",11.76K,2.31%
08/27/2020,"1,922.30","1,950.90","1,973.80","1,907.70",2.30K,-1.00%
08/26/2020,"1,941.70","1,927.60","1,952.60","1,899.10",3.29K,1.53%
08/25/2020,"1,912.50","1,925.40","1,932.90","1,909.40",1.66K,-0.83%
08/24/2020,"1,928.60","1,937.20","1,959.20","1,920.10",1.41K,-0.38%
08/21/2020,"1,936.00","1,945.80","1,950.40","1,908.20",1.73K,0.03%
08/20/2020,"1,935.40","1,924.60","1,951.50","1,920.00",2.07K,-1.28%
08/19/2020,"1,960.50","2,001.50","2,003.00","1,920.80",2.83K,-2.05%
08/18/2020,"2,001.60","1,981.60","2,013.00","1,973.60",1.70K,0.73%
08/17/2020,"1,987.10","1,945.20","1,988.60","1,930.80",1.77K,2.49%
08/14/2020,"1,938.80","1,952.10","1,958.30","1,930.20",1.26K,-1.05%
08/13/2020,"1,959.30","1,918.60","1,963.50","1,911.70",2.50K,1.13%
08/12/2020,"1,937.50","1,910.20","1,948.70","1,863.70",4.16K,0.09%
08/11/2020,"1,935.70","2,024.20","2,027.00","1,900.90",6.16K,-4.52%
08/10/2020,"2,027.30","2,032.00","2,047.30","2,015.70",2.55K,0.65%
08/07/2020,"2,014.30","2,062.40","2,074.00","2,011.00",4.37K,-1.96%
08/06/2020,"2,054.60","2,036.90","2,065.10","2,033.60",2.61K,1.07%
08/05/2020,"2,032.90","2,020.20","2,053.50","2,011.20",4.75K,1.43%
08/04/2020,"2,004.20","1,976.60","2,020.50","1,968.10",3.91K,1.76%
08/03/2020,"1,969.50","1,979.70","1,992.10","1,958.50",2.82K,0.08%
07/31/2020,"1,968.00","1,957.00","1,985.70","1,954.30",5.17K,0.95%
07/30/2020,"1,949.50","1,970.80","1,971.10","1,936.40",5.71K,-0.20%
07/29/2020,"1,953.40","1,950.60","1,974.90","1,935.20",209.84K,0.45%
07/28/2020,"1,944.60","1,937.10","1,974.70","1,900.20",434.45K,0.70%
07/27/2020,"1,931.00","1,901.20","1,941.90","1,899.00",428.23K,1.77%
07/24/2020,"1,897.50","1,884.90","1,904.60","1,880.50",300.17K,0.40%
07/23/2020,"1,890.00","1,871.60","1,897.70","1,863.10",418.75K,1.34%
07/22/2020,"1,865.10","1,842.80","1,871.80","1,842.10",382.23K,1.15%
07/21/2020,"1,843.90","1,819.60","1,844.90","1,817.20",271.09K,1.46%
07/20/2020,"1,817.40","1,812.30","1,823.40","1,806.60",177.74K,0.41%
07/17/2020,"1,810.00","1,796.90","1,813.90","1,795.20",167.01K,0.54%
07/16/2020,"1,800.30","1,813.10","1,816.20","1,794.10",196.57K,-0.74%
07/15/2020,"1,813.80","1,811.10","1,819.50","1,804.00",183.06K,0.02%
07/14/2020,"1,813.40","1,805.20","1,815.00","1,791.10",253.21K,-0.04%
07/13/2020,"1,814.10","1,803.40","1,818.80","1,802.10",230.40K,0.68%
07/10/2020,"1,801.90","1,808.40","1,817.00","1,796.50",223.83K,-0.11%
07/09/2020,"1,803.80","1,818.80","1,825.50","1,799.60",283.37K,-0.92%
07/08/2020,"1,820.60","1,807.90","1,829.80","1,803.80",247.50K,0.59%
07/07/2020,"1,809.90","1,793.90","1,810.80","1,781.20",221.73K,0.91%
07/06/2020,"1,793.50","1,787.90","1,799.00","1,779.20",184.65K,0.00%
07/03/2020,"1,793.50","1,787.90","1,799.00","1,779.20",184.65K,0.20%
07/02/2020,"1,790.00","1,779.00","1,791.70","1,766.30",186.31K,0.57%
07/01/2020,"1,779.90","1,798.90","1,807.70","1,767.90",263.25K,-1.14%
06/30/2020,"1,800.50","1,784.20","1,804.00","1,774.80",199.42K,1.08%
06/29/2020,"1,781.20","1,789.20","1,790.40","1,776.50",130.51K,0.45%
06/26/2020,"1,773.30","1,768.20","1,778.50","1,748.40",0.64K,0.58%
06/25/2020,"1,763.10","1,760.70","1,771.70","1,760.40",0.48K,-0.28%
06/24/2020,"1,768.10","1,777.30","1,786.30","1,765.00",1.71K,-0.34%
06/23/2020,"1,774.10","1,759.30","1,777.60","1,751.70",1.03K,0.89%
06/22/2020,"1,758.40","1,755.50","1,771.00","1,747.40",1.91K,0.65%
06/19/2020,"1,747.10","1,726.30","1,753.50","1,726.30",1.87K,1.22%
06/18/2020,"1,726.00","1,730.70","1,742.10","1,717.60",0.26K,-0.25%
06/17/2020,"1,730.30","1,730.60","1,733.80","1,714.40",0.36K,-0.07%
06/16/2020,"1,731.50","1,729.00","1,735.50","1,718.90",0.37K,0.56%
06/15/2020,"1,721.80","1,733.20","1,736.20","1,701.00",0.65K,-0.59%
06/12/2020,"1,732.00","1,729.70","1,746.90","1,724.10",0.59K,-0.16%
06/11/2020,"1,734.70","1,741.20","1,749.40","1,722.60",0.76K,1.12%
06/10/2020,"1,715.50","1,715.10","1,743.60","1,709.00",1.15K,-0.09%
06/09/2020,"1,717.00","1,699.20","1,724.10","1,694.40",0.62K,1.01%
06/08/2020,"1,699.90","1,682.00","1,702.60","1,675.80",0.75K,1.27%
06/05/2020,"1,678.50","1,715.00","1,717.20","1,669.10",1.10K,-2.51%
06/04/2020,"1,721.80","1,699.60","1,722.60","1,695.50",1.10K,1.22%
06/03/2020,"1,701.00","1,729.70","1,729.80","1,686.90",1.72K,-1.61%
06/02/2020,"1,728.90","1,743.50","1,750.00","1,724.10",0.69K,-0.83%
06/01/2020,"1,743.30","1,743.00","1,752.70","1,730.50",0.71K,0.02%
05/29/2020,"1,742.90","1,724.90","1,745.00","1,718.60",1.19K,1.34%
05/28/2020,"1,719.80","1,718.70","1,734.50","1,714.00",1.56K,0.53%
05/27/2020,"1,710.70","1,703.10","1,713.20","1,684.20",137.42K,0.30%
05/26/2020,"1,705.60","1,730.20","1,737.20","1,700.00",313.17K,0.00%
05/25/2020,"1,705.60","1,734.80","1,737.20","1,700.00",313.17K,-1.72%
05/22/2020,"1,735.50","1,726.00","1,742.00","1,722.50",196.82K,0.79%
05/21/2020,"1,721.90","1,751.70","1,751.70","1,715.30",238.74K,-1.72%
05/20/2020,"1,752.10","1,749.20","1,757.60","1,744.00",184.46K,0.37%
05/19/2020,"1,745.60","1,734.80","1,751.60","1,727.20",185.26K,0.65%
05/18/2020,"1,734.40","1,757.50","1,775.80","1,729.30",271.47K,-1.25%
05/15/2020,"1,756.30","1,738.50","1,761.20","1,736.80",200.18K,0.88%
05/14/2020,"1,740.90","1,723.10","1,746.50","1,716.00",212.91K,1.43%
05/13/2020,"1,716.40","1,705.00","1,726.50","1,701.60",211.61K,0.56%
05/12/2020,"1,706.80","1,700.00","1,716.70","1,693.50",198.07K,0.52%
05/11/2020,"1,698.00","1,706.00","1,713.80","1,692.10",202.17K,-0.93%
05/08/2020,"1,713.90","1,727.20","1,735.50","1,703.10",232.81K,-0.69%
05/07/2020,"1,725.80","1,686.00","1,733.20","1,683.90",250.70K,2.21%
05/06/2020,"1,688.50","1,714.10","1,716.60","1,683.00",203.37K,-1.29%
05/05/2020,"1,710.60","1,711.00","1,717.80","1,695.40",184.73K,-0.16%
05/04/2020,"1,713.30","1,711.20","1,726.00","1,700.30",148.73K,0.73%
05/01/2020,"1,700.90","1,693.50","1,714.40","1,676.00",168.02K,0.40%
04/30/2020,"1,694.20","1,729.60","1,737.00","1,687.50",234.53K,-1.12%
04/29/2020,"1,713.40","1,724.80","1,733.50","1,708.20",159.60K,0.16%
04/28/2020,"1,710.60","1,713.50","1,720.70","1,694.90",1.26K,-0.12%
04/27/2020,"1,712.60","1,734.30","1,734.30","1,708.30",0.74K,-0.67%
04/24/2020,"1,724.20","1,733.70","1,746.60","1,715.00",0.90K,-0.53%
04/23/2020,"1,733.40","1,725.60","1,750.00","1,721.20",1.70K,0.35%
04/22/2020,"1,727.40","1,698.60","1,730.40","1,690.10",1.65K,2.93%
04/21/2020,"1,678.30","1,703.60","1,709.90","1,659.20",1.66K,-1.47%
04/20/2020,"1,703.40","1,685.00","1,710.00","1,677.60",0.62K,0.75%
04/17/2020,"1,690.80","1,722.90","1,725.70","1,683.50",1.83K,-1.85%
04/16/2020,"1,722.70","1,732.20","1,756.40","1,718.00",1.02K,-0.40%
04/15/2020,"1,729.60","1,746.60","1,747.70","1,722.40",1.08K,-1.68%
04/14/2020,"1,759.10","1,752.70","1,778.20","1,737.70",1.16K,0.53%
04/13/2020,"1,749.80","1,729.50","1,760.60","1,711.80",1.61K,0.57%
04/09/2020,"1,739.90","1,669.20","1,739.70","1,666.50",1.88K,3.93%
04/08/2020,"1,674.10","1,669.80","1,685.00","1,660.80",1.29K,0.09%
04/07/2020,"1,672.60","1,694.80","1,731.80","1,662.00",2.14K,-0.68%
04/06/2020,"1,684.00","1,639.70","1,705.50","1,628.10",1.47K,2.83%
04/03/2020,"1,637.60","1,629.70","1,642.00","1,616.50",0.51K,0.42%
04/02/2020,"1,630.70","1,599.00","1,635.80","1,590.50",0.44K,2.94%
04/01/2020,"1,584.10","1,581.70","1,605.00","1,574.80",0.35K,-0.33%
03/31/2020,"1,589.30","1,634.60","1,634.60","1,582.80",0.97K,-2.92%
03/30/2020,"1,637.10","1,653.70","1,667.40","1,623.40",3.08K,0.74%
03/27/2020,"1,625.00","1,640.40","1,647.20","1,611.40",100.64K,-1.59%
03/26/2020,"1,651.20","1,642.50","1,672.50","1,611.00",215.97K,1.09%
03/25/2020,"1,633.40","1,666.20","1,699.30","1,615.20",254.19K,-1.65%
03/24/2020,"1,660.80","1,563.80","1,698.00","1,560.50",418.78K,5.95%
03/23/2020,"1,567.60","1,505.00","1,569.30","1,484.60",362.07K,5.59%
03/20/2020,"1,484.60","1,471.60","1,519.40","1,457.50",269.97K,0.36%
03/19/2020,"1,479.30","1,487.20","1,502.80","1,460.10",325.29K,0.09%
03/18/2020,"1,477.90","1,527.60","1,547.00","1,473.30",435.19K,-3.14%
03/17/2020,"1,525.80","1,512.80","1,554.30","1,465.60",434.51K,2.64%
03/16/2020,"1,486.50","1,563.80","1,574.80","1,450.90",565.98K,-1.99%
03/13/2020,"1,516.70","1,582.70","1,597.90","1,504.00",551.05K,-4.63%
03/12/2020,"1,590.30","1,633.10","1,651.00","1,560.40",605.72K,-3.17%
03/11/2020,"1,642.30","1,649.30","1,671.80","1,632.40",404.35K,-1.08%
03/10/2020,"1,660.30","1,679.60","1,681.30","1,641.10",385.48K,-0.92%
03/09/2020,"1,675.70","1,692.60","1,704.30","1,658.00",504.16K,0.20%
03/06/2020,"1,672.40","1,673.10","1,692.80","1,642.40",659.63K,0.26%
03/05/2020,"1,668.00","1,638.20","1,675.50","1,635.60",363.00K,1.52%
03/04/2020,"1,643.00","1,640.10","1,654.30","1,632.60",313.34K,-0.09%
03/03/2020,"1,644.40","1,586.00","1,650.50","1,585.90",466.53K,3.11%
03/02/2020,"1,594.80","1,592.80","1,612.10","1,576.30",443.53K,1.79%
02/28/2020,"1,566.70","1,646.10","1,651.00","1,564.00",745.84K,-4.61%
02/27/2020,"1,642.50","1,643.00","1,662.50","1,636.70",573.29K,0.13%
02/26/2020,"1,640.40","1,636.40","1,652.40","1,624.40",1.99K,-0.40%
02/25/2020,"1,647.00","1,662.00","1,662.30","1,625.00",2.65K,-1.58%
02/24/2020,"1,673.50","1,651.00","1,687.30","1,651.00",2.81K,1.73%
02/21/2020,"1,645.10","1,620.40","1,648.10","1,618.60",2.32K,1.71%
02/20/2020,"1,617.40","1,610.90","1,622.80","1,603.80",2.79K,0.53%
02/19/2020,"1,608.80","1,601.80","1,612.90","1,600.00",2.21K,0.49%
02/18/2020,"1,601.00","1,581.20","1,605.30","1,579.20",2.68K,-0.16%
02/17/2020,"1,603.60","1,585.10","1,608.20","1,581.80",414.24K,1.25%
02/14/2020,"1,583.80","1,577.50","1,585.30","1,573.60",0.69K,0.48%
02/13/2020,"1,576.30","1,566.80","1,578.80","1,566.60",1.30K,0.48%
02/12/2020,"1,568.80","1,567.90","1,570.30","1,561.60",0.83K,0.10%
02/11/2020,"1,567.20","1,573.00","1,574.50","1,562.60",0.86K,-0.60%
02/10/2020,"1,576.60","1,573.00","1,577.30","1,569.10",0.46K,0.38%
02/07/2020,"1,570.60","1,567.60","1,574.60","1,560.70",1.01K,0.22%
02/06/2020,"1,567.20","1,556.80","1,568.90","1,553.50",1.48K,0.46%
02/05/2020,"1,560.10","1,553.20","1,563.20","1,548.40",1.52K,0.48%
02/04/2020,"1,552.70","1,579.50","1,580.70","1,550.00",1.88K,-1.70%
02/03/2020,"1,579.50","1,594.60","1,595.10","1,570.50",1.60K,-0.34%
01/31/2020,"1,584.90","1,575.60","1,592.30","1,572.00",2.47K,-0.10%
01/30/2020,"1,586.50","1,578.70","1,587.80","1,574.20",4.08K,1.03%
01/29/2020,"1,570.40","1,566.30","1,577.70","1,562.00",251.27K,0.04%
01/28/2020,"1,569.80","1,580.60","1,582.20","1,564.60",378.01K,-0.48%
01/27/2020,"1,577.40","1,580.50","1,588.40","1,575.30",398.06K,0.35%
01/24/2020,"1,571.90","1,562.90","1,575.50","1,555.80",427.14K,0.42%
01/23/2020,"1,565.40","1,558.90","1,567.50","1,551.30",361.03K,0.56%
01/22/2020,"1,556.70","1,558.90","1,559.80","1,550.00",286.08K,-0.08%
01/21/2020,"1,557.90","1,557.30","1,568.80","1,546.00",462.62K,0.00%
01/20/2020,"1,557.90","1,557.30","1,568.80","1,546.00",462.62K,-0.15%
01/17/2020,"1,560.30","1,553.00","1,561.40","1,549.30",264.93K,0.63%
01/16/2020,"1,550.50","1,556.60","1,558.20","1,548.00",260.05K,-0.23%
01/15/2020,"1,554.00","1,546.80","1,558.80","1,546.50",310.07K,0.61%
01/14/2020,"1,544.60","1,548.60","1,549.50","1,536.40",340.91K,-0.39%
01/13/2020,"1,550.60","1,563.00","1,563.10","1,547.00",311.73K,-0.61%
01/10/2020,"1,560.10","1,553.40","1,564.10","1,546.70",344.34K,0.37%
01/09/2020,"1,554.30","1,557.70","1,562.40","1,541.00",372.88K,-0.38%
01/08/2020,"1,560.20","1,578.80","1,613.30","1,553.40",813.41K,-0.90%
01/07/2020,"1,574.30","1,567.40","1,579.20","1,557.00",435.87K,0.35%
01/06/2020,"1,568.80","1,562.70","1,590.90","1,562.30",558.97K,1.06%
01/03/2020,"1,552.40","1,531.70","1,556.60","1,530.40",436.74K,1.59%
01/02/2020,"1,528.10","1,521.00","1,534.00","1,519.70",270.55K,0.33%
